"Championship Division","Year","Make","Model","Special Access","Reward","Most recent game","DLC Date/Pack","FH4","FM7","FH3","FM6","Apex","FH2","FM5","FH1","FM4","FM3","FM2","FM1","# Titles","FE Boost","Rarity","Buy Value","Class","PI","S"
"Modern Sports Cars","2017","Abarth","124 Spider","","","FH4","","FH4","DLC","","","","","","","","","","","2","","Rare","43,500","C","577",""
"Hot Hatch","2016","Abarth","695 Biposto","","","FH4","","FH4","FM7","FH3","DLC","","","","","","","","","4","","Rare","48,000","B","607","5.7"
"Classic Rally","1980","Abarth","Fiat 131","","","FH4","","FH4","FM7","FH3","FM6","","FH2","DLC","","FM4","DLC","","","8","","Rare","38,000","D","449",""
"Cult Cars","1968","Abarth","595 esseesse","","","FH4","","FH4","FM7","FH3","FM6","","DLC","","FH1","","","","","6","","Common","35,000","D","100","3.9"
"Modern Super Cars","2017","Acura","NSX","","","FH4","","FH4","FM7","DLC","","","","","","","","","","3","","Rare","170,000","S1","850",""
"Retro Hot Hatch","2002","Acura","RSX Type-S","","","FH4","","FH4","FM7","FH3","FM6","","FH2","DLC","","FM4","FM3","FM2","FM1","10","","Common","25,000","C","588",""
"Retro Hot Hatch","2001","Acura","Integra Type-R","","","FH4","","FH4","FM7","FH3","FM6","","DLC","FM5","","FM4","FM3","FM2","FM1","10","","Common","25,000","C","596",""
"Sports Utility Heroes","2018","Alfa Romeo","Stelvio Quadrifoglio","DLC store","Free w/DLC","FH4","20181109","DLC","","","","","","","","","","","","1","","","","","",""
"Super Saloons","2017","Alfa Romeo","Giulia Quadrifoglio","","Loyalty Rewards","FH4","","FH4","DLC","","","","","","","","","","","2","","Rare","120,000","A","795",""
"Super Saloons","2016","Alfa Romeo","Giulia Quadrifoglio Forza Edition","Exclusive","Wheelspin","FH4","","FE","","","","","","","","","","","","1","Event Influence","FE","370,000","S1","812","7.7"
"Modern Sports Cars","2014","Alfa Romeo","4C","","","FH4","","FH4","FM7","FH3","FM6","","DLC","","","","","","","5","","Common","74,000","A","770",""
"GT Cars","2007","Alfa Romeo","8C Competizione","","","FH4","","FH4","FM7","FH3","FM6","","FH2","FM5","FH1","FM4","FM3","","","9","Credits","FE","550,000","S1","855",""
"GT Cars","2007","Alfa Romeo","8C Competizione Forza Edition","Exclusive","Wheelspin","FH4","","FE","","","","","","","","","","","","1","Credits","FE","300,000","A","777",""
"Classic Racers","1968","Alfa Romeo","33 Stradale","","","FH4","","FH4","FM7","FH3","FM6","","FH2","DLC","","DLC","","","","7","","Legendary","10,000,000","A","716",""
"Classic Racers","1965","Alfa Romeo","Giulia TZ2","","","FH4","","FH4","FM7","FH3","FM6","","FH2","","","","","","","5","","Legendary","2,500,000","B","639","6.3"
"Rare Classics","1965","Alfa Romeo","Giulia Sprint GTA Stradale","","","FH4","","FH4","FM7","FH3","FM6","","","FM5","","FM4","DLC","","","7","","Epic","300,000","D","432",""
"Vintage Racers","1934","Alfa Romeo","P3","Exclusive","Castle","FH4","","FH4","FM7","","DLC","","","","","","","","","3","","Legendary","10,000,000","B","626",""
"Offroad Buggies","2015","Alumi Craft","Class 10 Race Car","","","FH4","","FH4","FM7","FH3","","","","","","","","","","3","","Epic","100,000","B","673",""
"Offroad Buggies","2015","Alumi Craft","Class 10 Race Car Forza Edition","Exclusive","Wheelspin","FH4","","FE","","","","","","","","","","","","1","Destruction","FE","350,000","B","679",""
"Cult Cars","1973","AMC","Gremlin X","","","FH4","","FH4","","DLC","","","","","","DLC","","","","3","","Common","35,000","D","394",""
"Classic Muscle","1971","AMC","Javelin-AMX","","","FH4","","FH4","FM7","FH3","FM6","","FH2","FM5","DLC","FM4","DLC","","","9","","Common","35,000","C","512",""
"Extreme Offroad","2554","AMG TD","M12S Warthog CST","","","FH4","","FH4","","cu","","","","","","","","","","2","","Legendary","850,000","A","756","5.2"
"Offroad Buggies","2016","Ariel","Nomad","","","FH4","","FH4","FM7","FH3","","","","","","","","","","3","","Epic","93,000","A","732",""
"Extreme Track Toys","2013","Ariel","Atom 500 V8","Exclusive","Horizon Life","FH4","","FH4","FM7","FH3","FM6","Apex","FH2","FM5","","","","","","7","","Epic","108,000","S2","970","7.0"
"Modern Super Cars","2012","Ascari","KZ1R","","","FH4","","FH4","","","","","","","FH1","DLC","","","","3","","Legendary","240,000","S1","866",""
"Super GT","2017","Aston Martin","DB11","","","FH4","","FH4","FM7","DLC","","","","","","","","","","3","","Epic","300,000","S1","810",""
"Super GT","2017","Aston Martin","DB11 PreOrder Car","DLC promo","Free w/DLC","FH4","FH4 Retailer Bonus","DLC","","","","","","","","","","","","1","","Epic","300,000","S1","900",""
"Extreme Track Toys","2016","Aston Martin","Vulcan","","","FH4","","FH4","FM7","DLC","","","","","","","","","","3","","Legendary","1,500,000","S2","954",""
"Extreme Track Toys","2016","Aston Martin","Vulcan Forza Edition","Exclusive","Wheelspin","FH4","","FE","","","","","","","","","","","","1","Clean Skills","FE","1,750,000","S2","955","8.1"
"Track Toys","2016","Aston Martin","Vantage GT12","","","FH4","","FH4","FM7","FH3","","","","","","","","","","3","","Epic","400,000","S1","846",""
"Super GT","2013","Aston Martin","V12 Vantage S","","","FH4","","FH4","FM7","FH3","FM6","Apex","DLC","","","","","","","6","","Rare","240,000","S1","814",""
"Super GT","2012","Aston Martin","Vanquish","","","FH4","","FH4","FM7","FH3","FM6","","FH2","FM5","DLC","","","","","7","","Epic","348,000","S1","802",""
"Super GT","2010","Aston Martin","One-77","","","FH4","","FH4","FM7","FH3","FM6","Apex","FH2","FM5","FH1","FM4","DLC","","","10","","Legendary","1,400,000","S1","863",""
"Rare Classics","1964","Aston Martin","DB5","","Forzathon Shop","FH4","","FH4","FM7","FH3","FM6","","FH2","FM5","FH1","FM4","DLC","","","9","","Epic","800,000","C","534","6.2"
"Classic Sports Cars","1960","Aston Martin","DB4 GT Zagato","Exclusive","Barn Find (Seasonal)","FH4","","FH4","FM7","","","","","","","DLC","","","","3","","Legendary","500,000","B","619",""
"Classic Racers","1958","Aston Martin","DBR1","","","FH4","","FH4","FM7","","FM6","","FH2","DLC","FH1","FM4","","","","7","","Legendary","10,000,000","B","688",""
"Modern Super Cars","2016","Audi","R8 V10 plus","","","FH4","","FH4","FM7","FH3","DLC","","","","","","","","","4","","Legendary","242,000","S1","856",""
"Super Saloons","2015","Audi","RS 6 Avant","","","FH4","","FH4","FM7","","FM6","","DLC","","","","","","","4","","Epic","150,000","A","778",""
"Modern Sports Cars","2015","Audi","TTS Coupe","","","FH4","","FH4","FM7","FH3","FM6","Apex","DLC","","","","","","","6","","Rare","52,000","A","740","7.4"
"Hot Hatch","2015","Audi","S1","","","FH4","","FH4","FM7","FH3","FM6","","DLC","","","","","","","5","","Rare","35,000","B","679","6.3"
"Modern Super Cars","2013","Audi","R8 Coupe V10 plus 5.2 FSI quattro","","","FH4","","FH4","FM7","FH3","FM6","Apex","FH2","FM5","","","","","","7","","Rare","290,000","S1","824",""
"Super Saloons","2013","Audi","RS 7 Sportback","","","FH4","","FH4","FM7","","FM6","","","FM5","","","","","","4","","Legendary","225,000","A","761",""
"Super Saloons","2013","Audi","RS 4 Avant","","","FH4","","FH4","FM7","FH3","FM6","","DLC","DLC","DLC","","","","","7","","Epic","83,000","A","750",""
"Super Saloons","2011","Audi","RS 5 Coupe","","","FH4","","FH4","FM7","FH3","FM6","","FH2","FM5","","DLC","","","","7","","Epic","88,000","A","750",""
"Super Hot Hatch","2011","Audi","RS 3 Sportback","","","FH4","","FH4","FM7","FH3","FM6","","FH2","FM5","","DLC","","","","7","","Rare","42,000","B","699",""
"Modern Sports Cars","2010","Audi","TT RS Coupe","Exclusive","Wheelspin","FH4","","FH4","FM7","","FM6","","FH2","FM5","FH1","FM4","DLC","","","8","","Epic","66,000","A","722",""
"Super Saloons","2009","Audi","RS 6","","","FH4","","FH4","FM7","","FM6","","","","","FM4","DLC","","","5","","Epic","155,000","A","743",""
"Super Saloons","2006","Audi","RS 4","","","FH4","","FH4","FM7","FH3","FM6","","FH2","FM5","FH1","FM4","FM3","FM2","","10","","Epic","53,000","A","729",""
"Retro Saloons","2003","Audi","RS 6","","","FH4","","FH4","FM7","","FM6","","","","","FM4","FM3","FM2","FM1","7","","Epic","105,000","A","710","7.4"
"Retro Saloons","2001","Audi","RS 4 Avant","","","FH4","","FH4","FM7","","FM6","","DLC","","","","","","","4","","Epic","94,000","B","695","7.1"
"Retro Saloons","1995","Audi","RS 2 Avant","","","FH4","","FH4","FM7","FH3","FM6","","FH2","DLC","","FM4","","","","7","","Rare","50,000","B","616","6.7"
"Rally Monsters","1986","Audi","#2 Audi Sport quattro S1","","","FH4","","FH4","FM7","FH3","","","","","","DLC","","","","4","","Epic","375,000","S1","850",""
"Retro Rally","1983","Audi","Sport quattro","Exclusive","Barn Find","FH4","","FH4","FM7","FH3","FM6","","FH2","FM5","FH1","FM4","FM3","DLC","","10","","Legendary","175,000","B","621",""
"Cult Cars","1964","Austin","FX4 Taxi","Exclusive","Wheelspin","FH4","","FH4","","","","","","","","","","","","1","","Common","20,000","D","100","4.5"
"Classic Sports Cars","1965","Austin-Healey","3000 MkIII","","","FH4","","FH4","","","","","","","","DLC","","","","2","","Rare","50,000","D","326",""
"Classic Sports Cars","1958","Austin-Healey","Sprite MkI","","","FH4","","FH4","","","","","","","","DLC","","","","2","","Common","20,000","D","100",""
"Vintage Racers","1939","Auto Union","Type D","","","FH4","","FH4","FM7","","FM6","","","DLC","","","","","","4","","Legendary","10,000,000","B","692",""
"Track Toys","2014","BAC","Mono","","","FH4","","FH4","FM7","FH3","FM6","","","","","","","","","4","","Rare","160,000","S1","900",""
"GT Cars","2017","Bentley","Continental Supersports","","","FH4","","FH4","FM7","cu","","","","","","","","","","3","","Rare","200,000","A","798",""
"Sports Utility Heroes","2016","Bentley","Bentayga","","","FH4","","FH4","FM7","DLC","","","","","","","","","","3","","Epic","180,000","A","758","7.5"
"GT Cars","2013","Bentley","Continental GT Speed","","","FH4","","FH4","FM7","FH3","FM6","","FH2","DLC","","","","","","6","","Rare","242,000","A","774",""
"Track Toys","2013","Bentley","Continental GT Speed Forza Edition","Exclusive","Forzathon Shop","FH4","","FE","","","","","","","","","","","","1","Clean Skills","FE","492,000","S1","835","8.0"
"Vintage Racers","1931","Bentley","4-1/2 Litre Supercharged","Exclusive","Castle Barn Find","FH4","","FH4","","","","","","","","","","","","1","","Legendary","10,000,000","D","200",""
"Rare Classics","1931","Bentley","8-Litre","","Story: British Racing G","FH4","","FH4","","","","","","","","","","","","1","","Legendary","1,500,000","D","176","4.8"
"Modern Super Cars","2018","BMW","i8 Roadster","DLC Store","Free w/DLC","FH4","20181018","DLC","","","","","","","","","","","","1","","Epic","","A","776","7.6"
"Track Toys","2016","BMW","M4 GTS","","","FH4","","FH4","FM7","DLC","","","","","","","","","","3","","Rare","135,000","S1","841",""
"Super Saloons","2016","BMW","M2 Coupe [F22]","","","FH4","","FH4","FM7","DLC","","","","","","","","","","3","","Rare","69,000","A","737",""
"Modern Super Cars","2015","BMW","i8","","","FH4","","FH4","FM7","DLC","","","","","","","","","","3","","Rare","140,000","A","758",""
"Sports Utility Heroes","2015","BMW","X6 M","","","FH4","","FH4","FM7","FH3","DLC","","","","","","","","","4","","Epic","130,000","A","727","7.1"
"Super Saloons","2014","BMW","M4 Coupe [F82]","","","FH4","","FH4","FM7","FH3","FM6","","DLC","","","","","","","5","","Epic","92,000","A","800",""
"GT Cars","2013","BMW","M6 Coupe [F12]","","","FH4","","FH4","FM7","FH3","FM6","","DLC","DLC","FH1","","","","","7","","Epic","120,000","A","779",""
"GT Cars","2013","BMW","M6 Coupe Forza Edition","Exclusive","Wheelspin","FH4","","FE","","","","","","","","","","","","1","Drift Skills","FE","370,000","A","780",""
"Super Saloons","2012","BMW","M5 [F10]","","","FH4","","FH4","FM7","FH3","FM6","","FH2","FM5","FH1","cu","","","","8","","Rare","112,000","A","790","7.9"
"Modern Sports Cars","2011","BMW","Z4 sDrive35is","","","FH4","","FH4","FM7","FH3","FM6","","FH2","FM5","","FM4","DLC","","","8","","Rare","55,000","A","727",""
"Sports Utility Heroes","2011","BMW","X5 M","","","FH4","","FH4","FM7","FH3","FM6","","FH2","FM5","","FM4","","","","7","","Epic","100,000","A","709","7.0"
"Super Saloons","2011","BMW","1 Series M Coupe","","","FH4","","FH4","FM7","FH3","FM6","","FH2","FM5","FH1","DLC","","","","8","","Rare","55,000","A","731",""
"Super Saloons","2009","BMW","M5 [E60]","","","FH4","","FH4","FM7","","","","","","","FM4","FM3","","","4","","Rare","90,000","A","758",""
"Super Saloons","2008","BMW","M3 [E92]","","","FH4","","FH4","FM7","FH3","FM6","","FH2","FM5","FH1","FM4","FM3","DLC","","10","","Rare","48,000","A","745",""
"Modern Sports Cars","2008","BMW","Z4 M Coupe","","","FH4","","FH4","Uni","","","","","","","FM4","FM3","","","4","","Epic","82,000","A","710",""
"Retro Saloons","2005","BMW","M3 [E46]","Exclusive","Horizon Life","FH4","","FH4","FM7","FH3","FM6","","","FM5","","FM4","FM3","FM2","","8","","Common","33,000","A","706","7.0"
"Retro Saloons","2003","BMW","M5 [E39]","","","FH4","","FH4","FM7","","FM6","","","FM5","","FM4","","","","5","","Common","30,000","A","719","7.6"
"Retro Sports Cars","2002","BMW","Z3 M Coupe","","","FH4","","FH4","FM7","","","","","","","FM4","","","","3","","Common","30,000","A","713",""
"Retro Saloons","1997","BMW","M3 [E36]","","","FH4","","FH4","FM7","FH3","FM6","","FH2","FM5","","FM4","FM3","FM2","","9","","Common","35,000","B","694","7.1"
"Retro Saloons","1995","BMW","M5 [E34]","","","FH4","","FH4","FM7","FH3","FM6","","DLC","","","FM4","","","","6","","Common","25,000","B","634","7.3"
"Retro Saloons","1991","BMW","M3 [E30]","","","FH4","","FH4","FM7","FH3","FM6","","FH2","FM5","FH1","FM4","FM3","DLC","","10","","Rare","50,000","C","586","6.4"
"Retro Saloons","1988","BMW","M5 [E28]","","","FH4","","FH4","FM7","FH3","FM6","","DLC","","","FM4","","","","6","","Rare","50,000","C","594","6.5"
"Retro Saloons","1988","BMW","M5 Forza Edition","Exclusive","Wheelspin","FH4","","FE","","","","","","","","","","","","1","Event Influence","FE","304,000","B","601","6.5"
"Retro Super Cars","1981","BMW","M1","","","FH4","","FH4","FM7","FH3","FM6","","FH2","FM5","FH1","FM4","DLC","","","9","","Epic","585,000","B","652",""
"Classic Sports Cars","1973","BMW","2002 Turbo","","","FH4","","FH4","FM7","FH3","FM6","","FH2","FM5","FH1","FM4","DLC","","","9","","Common","26,000","D","500",""
"Cult Cars","1957","BMW","Isetta 300 Export","","","FH4","","FH4","FM7","FH3","DLC","","","","","","","","","4","","Rare","45,000","D","100",""
"Extreme Offroad","2012","Bowler","EXR S","","","FH4","","FH4","FM7","FH3","FM6","","FH2","","DLC","","","","","6","","Legendary","2,000,000","A","760","6.8"
"Hypercars","2018","Bugatti","Chiron","","","FH4","","FH4","DLC","","","","","","","","","","","2","","Legendary","2,400,000","S2","938",""
"Hypercars","2011","Bugatti","Veyron Super Sport","","","FH4","","FH4","FM7","FH3","FM6","Apex","FH2","DLC","FH1","DLC","","","","9","","Legendary","2,200,000","S2","922","9.9"
"Retro Super Cars","1992","Bugatti","EB110 Super Sport","","","FH4","","FH4","FM7","FH3","FM6","","DLC","","FH1","FM4","DLC","","","8","","Legendary","1,700,000","S1","829",""
"Vintage Racers","1926","Bugatti","Type 35 C","","","FH4","","FH4","DLC","","","","","","","","","","","2","","Legendary","10,000,000","D","374","5.0"
"Retro Muscle","1987","Buick","Regal GNX","","","FH4","","FH4","FM7","FH3","FM6","","DLC","FM5","","FM4","FM3","FM2","FM1","10","","Rare","130,000","C","567","6.5"
"Modern Muscle","2016","Cadillac","CTS-V Sedan","","","FH4","","FH4","FM7","FH3","DLC","","","","","","","","","4","","Common","80,000","A","785",""
"Modern Muscle","2016","Cadillac","ATS-V","","","FH4","","FH4","FM7","DLC","","","","","","","","","","3","","Common","65,000","A","737",""
"Super Saloons","2013","Cadillac","XTS Limousine","Exclusive","Wheelspin","FH4","","FH4","FM7","","DLC","","","","","","","","","3","","Rare","48,500","C","534","6.1"
"Offroad Buggies","2018","Can-Am","Maverick X RS Turbo R","DLC store","Free w/DLC","FH4","20181109","DLC","","","","","","","","","","","","1","","Common","","B","692",""
"Track Toys","2013","Caterham","Superlight R500","","","FH4","","FH4","FM7","FH3","FM6","","FH2","DLC","","","","","","6","","Rare","82,000","S1","804",""
"Track Toys","2013","Caterham","Superlight R500 Forza Edition","Exclusive","Wheelspin","FH4","","FE","","","","","","","","","","","","1","Drift Skills","FE","332,000","S1","804",""
"Modern Muscle","2017","Chevrolet","Camaro [Gen 6] ZL1","","","FH4","","FH4","FM7","DLC","","","","","","","","","","3","","Rare","60,000","S1","848",""
"Modern Muscle","2017","Chevrolet","Camaro ZL1 Preorder Car","DLC promo","Free w/DLC","FH4","FH4 Retailer Bonus","DLC","","","","","","","","","","","","1","","Rare","60000","S1","900",""
"Offroad","2017","Chevrolet","Colorado ZR2","Exclusive","Forzathon Shop","FH4","20181011","cu","DLC","","","","","","","","","","","2","","Common","46,000","C","598","6.1"
"Track Toys","2015","Chevrolet","Camaro Z/28","","","FH4","","FH4","","FH3","FM6","","DLC","","","","","","","4","","Common","86,000","S1","818",""
"Modern Muscle","2015","Chevrolet","Corvette [C7] Z06","","","FH4","","FH4","FM7","FH3","FM6","Apex","DLC","","","","","","","6","","Epic","110,000","S1","871",""
"Modern Muscle","2009","Chevrolet","Corvette [C6] ZR1","","","FH4","","FH4","FM7","FH3","FM6","","FH2","FM5","FH1","FM4","DLC","","","9","","Rare","125,000","S1","824",""
"Retro Muscle","2002","Chevrolet","Corvette [C5] Z06","","","FH4","","FH4","FM7","FH3","FM6","Apex","","FM5","","FM4","FM3","FM2","FM1","10","","Common","35,000","A","748","7.7"
"Retro Muscle","1995","Chevrolet","Corvette [C4] ZR-1","","","FH4","","FH4","FM7","FH3","FM6","","FH2","DLC","","","","","","6","","Rare","45,000","A","741","7.1"
"Retro Muscle","1988","Chevrolet","Monte Carlo Super Sport","Exclusive","Wheelspin","FH4","","FH4","FM7","FH3","FM6","","DLC","","","","","","","5","","Common","25,000","D","415","5.9"
"Classic Muscle","1979","Chevrolet","Camaro  [Gen 2.2] Z28","Exclusive","Wheelspin","FH4","","FH4","FM7","FH3","FM6","","FH2","DLC","","FM4","FM3","","","8","","Common","35,000","D","460",""
"Classic Muscle","1970","Chevrolet","Corvette [C3] ZR-1","","","FH4","","FH4","FM7","FH3","FM6","","FH2","FM5","","FM4","FM3","FM2","","9","","Epic","310,000","B","605",""
"Classic Muscle","1970","Chevrolet","Camaro [Gen 2.1] Z28","","","FH4","","FH4","FM7","FH3","FM6","Apex","FH2","FM5","","FM4","","","","8","","Rare","53,000","C","547",""
"Classic Muscle","1970","Chevrolet","Chevelle Super Sport 454","","","FH4","","FH4","FM7","FH3","FM6","","FH2","FM5","","FM4","FM3","FM2","","9","","Common","80,000","C","542",""
"Vans & Utility","1970","Chevrolet","El Camino Super Sport 454","","","FH4","","FH4","FM7","FH3","FM6","","","FM5","","FM4","DLC","","","7","","Rare","65,000","C","556",""
"Classic Muscle","1969","Chevrolet","Camaro  [Gen 1] Super Sport Coupe","","","FH4","","FH4","FM7","FH3","FM6","Apex","FH2","FM5","FH1","Uni","Uni","FM2","FM1","12","","Rare","110,000","C","566",""
"Classic Muscle","1969","Chevrolet","Nova Super Sport 396","","","FH4","","FH4","FM7","","FM6","","","FM5","","DLC","","","","5","","Rare","47,000","C","552",""
"Classic Muscle","1969","Chevrolet","Nova Super Sport 396 Forza Edition","Exclusive","Wheelspin","FH4","","FE","","","","","","","","","","","","1","Speed Skills","FE","297,000","B","657","6.7"
"Classic Muscle","1967","Chevrolet","Corvette [C2] Stingray 427","","","FH4","","FH4","FM7","FH3","FM6","","FH2","FM5","FH1","FM4","FM3","FM2","FM1","11","","Rare","150,000","B","621",""
"Classic Muscle","1966","Chevrolet","Nova Super Sport","","","FH4","","FH4","FM7","FH3","FM6","","","DLC","","DLC","","","","6","","Common","70,000","C","582",""
"Rods and Customs","1964","Chevrolet","Impala Super Sport 409","","","FH4","","FH4","FM7","FH3","FM6","","FH2","DLC","FH1","FM4","","","","8","","Rare","46,000","C","527",""
"Classic Sports Cars","1960","Chevrolet","Corvette [C1]","","","FH4","","FH4","FM7","FH3","FM6","","FH2","FM5","","FM4","DLC","","","8","","Rare","150,000","C","521",""
"Rods and Customs","1957","Chevrolet","Bel Air","","","FH4","","FH4","FM7","FH3","FM6","","FH2","DLC","DLC","DLC","","","","8","","Rare","130,000","D","444",""
"Rods and Customs","1955","Chevrolet","150 Utility Sedan","","","FH4","","FH4","DLC","","","","","","","","","","","2","","Rare","35,000","D","286",""
"Classic Sports Cars","1953","Chevrolet","Corvette [C0]","","","FH4","","FH4","FM7","FH3","FM6","","DLC","","","DLC","","","","6","","Rare","135,000","D","347",""
"Classic Muscle","1972","Chrysler","VH Valiant Charger R/T E49","","","FH4","","FH4","FM7","DLC","","","","","","","","","","3","","Rare","60,000","C","557",""
"Cult Cars","1970","Datsun","510","","","FH4","","FH4","FM7","FH3","FM6","","Nissan","Nissan","DLC","Nissan","Nissan","","","9","","Common","25,000","D","209",""
"Sports Utility Heroes","2018","Dodge","Durango SRT","","","FH4","","FH4","DLC","","","","","","","","","","","2","","Rare","70,000","A","709","6.9"
"Modern Muscle","2018","Dodge","Challenger SRT Demon","Exclusive","Story","FH4","","FH4","","","","","","","","","","","","1","","","","S1","823",""
"Track Toys","2016","Dodge","Viper ACR","","","FH4","","FH4","FM7","DLC","","","","","","","","","","3","","Rare","150,000","S1","893",""
"Modern Muscle","2015","Dodge","Charger SRT Hellcat","","","FH4","","FH4","FM7","FH3","DLC","","","","","","","","","4","","Epic","80,000","A","785",""
"Modern Muscle","2015","Dodge","Challenger SRT Hellcat","","","FH4","","FH4","FM7","FH3","FM6","","","","","","","","","4","","Rare","75,000","A","776",""
"Modern Muscle","2013","Dodge","SRT Viper GTS","","","FH4","","FH4","FM7","FH3","FM6","","FH2","Viper","Viper","DLC","","","","8","","Rare","95,000","S1","831",""
"Track Toys","2008","Dodge","Viper SRT10 ACR","","","FH4","","FH4","FM7","FH3","FM6","","","FM5","","FM4","FM3","","","7","","Rare","90,000","S1","866",""
"Retro Muscle","1999","Dodge","Viper GTS ACR","","","FH4","","FH4","FM7","FH3","FM6","","SRT","SRT","","SRT","FM3","FM2","FM1","10","","Rare","75,000","A","732","7.4"
"Classic Muscle","1970","Dodge","Challenger R/T","","","FH4","","FH4","FM7","FH3","FM6","","FH2","FM5","","FM4","","","","7","","Epic","210,000","C","562",""
"Classic Muscle","1969","Dodge","Charger Daytona HEMI","","","FH4","","FH4","FM7","FH3","FM6","","DLC","","","FM4","DLC","","","7","","Epic","900,000","C","595",""
"Classic Muscle","1969","Dodge","Charger R/T","","","FH4","","FH4","FM7","FH3","FM6","","FH2","DLC","FH1","FM4","FM3","FM2","","10","","Rare","103,000","C","558",""
"Classic Muscle","1968","Dodge","Dart HEMI Super Stock","","","FH4","","FH4","FM7","FH3","FM6","","FH2","DLC","","DLC","","","","7","","Rare","125,000","B","626",""
"Track Toys","2013","Donkervoort","D8 GTO","","","FH4","","FH4","FM7","FH3","FM6","","DLC","","","","","","","5","","Rare","175,000","S1","827",""
"Modern Sports Cars","2012","Eagle (U.K.)","Speedster","","","FH4","","FH4","","","","","","","FH1","","","","","2","","Legendary","550,000","A","740",""
"Super GT","2017","Ferrari","812 Superfast","Exclusive","Forzathon Shop","FH4","20181004","cu","DLC","","","","","","","","","","","2","","Common","1,400,000","S1","897","8.3"
"Hypercars","2015","Ferrari","F12tdf","","","FH4","","FH4","FM7","DLC","","","","","","","","","","3","","Epic","500,000","S2","901",""
"Modern Super Cars","2015","Ferrari","488 GTB","","","FH4","","FH4","FM7","FH3","DLC","","","","","","","","","4","","Epic","290,000","S1","883",""
"Extreme Track Toys","2014","Ferrari","FXX K","","","FH4","","FH4","FM7","FH3","DLC","","","","","","","","","4","","Legendary","2,700,000","S2","989",""
"Super GT","2014","Ferrari","California T","","","FH4","","FH4","FM7","FH3","FM6","Apex","","","","","","","","5","","Rare","240,000","S1","804",""
"Hypercars","2013","Ferrari","LaFerrari","","","FH4","","FH4","FM7","FH3","FM6","Apex","FH2","DLC","","","","","","7","","Legendary","1,500,000","S2","966","9.5"
"Modern Super Cars","2013","Ferrari","458 Speciale","","","FH4","","FH4","FM7","FH3","DLC","Apex","DLC","","","","","","","6","","Epic","340,000","S1","885",""
"Super GT","2012","Ferrari","F12berlinetta","","","FH4","","FH4","FM7","FH3","FM6","Apex","FH2","FM5","DLC","","","","","8","","Epic","380,000","S1","868",""
"Modern Super Cars","2011","Ferrari","FF","","","FH4","","FH4","FM7","FH3","FM6","","","DLC","FH1","FM4","","","","7","","Legendary","255,000","S1","815",""
"Extreme Track Toys","2010","Ferrari","599XX","","","FH4","","FH4","FM7","cu","","","","","FH1","FM4","DLC","","","6","","Legendary","1,000,000","S2","937","7.8"
"Super GT","2010","Ferrari","599 GTO","","","FH4","","FH4","FM7","FH3","FM6","Apex","","FM5","","FM4","","","","7","","Epic","690,000","S1","861",""
"Modern Super Cars","2009","Ferrari","458 Italia","","","FH4","","FH4","FM7","FH3","FM6","","FH2","FM5","DLC","FM4","DLC","","","9","","Epic","300,000","S1","846",""
"Modern Super Cars","2007","Ferrari","430 Scuderia","","","FH4","","FH4","FM7","FH3","FM6","","FH2","FM5","FH1","FM4","DLC","DLC","","10","","Epic","300,000","S1","834",""
"Retro Super Cars","2003","Ferrari","360 Challenge Stradale","","","FH4","","FH4","FM7","FH3","FM6","","FH2","FM5","DLC","Uni","FM3","","2004","10","","Rare","200,000","A","792",""
"Retro Super Cars","2002","Ferrari","Enzo Ferrari","","","FH4","","FH4","FM7","FH3","FM6","","FH2","FM5","FH1","FM4","FM3","FM2","2003","11","","Legendary","2,800,000","S1","874",""
"Retro Super Cars","2002","Ferrari","575M Maranello","","","FH4","","FH4","FM7","FH3","FM6","","DLC","DLC","","FM4","FM3","FM2","FM1","10","","Rare","140,000","A","772",""
"Extreme Track Toys","1996","Ferrari","F50 GT","","","FH4","","FH4","FM7","DLC","","","","","FH1","FM4","FM3","DLC","","7","","Legendary","1,200,000","S2","992",""
"Retro Super Cars","1995","Ferrari","F50","","","FH4","","FH4","FM7","FH3","FM6","","FH2","FM5","FH1","FM4","FM3","FM2","FM1","11","","Legendary","2,000,000","S1","815",""
"Retro Super Cars","1994","Ferrari","F355 Berlinetta","","Forzathon Shop","FH4","","FH4","FM7","FH3","FM6","","FH2","FM5","","FM4","FM3","FM2","","9","","Rare","190,000","A","737",""
"Retro Super Cars","1992","Ferrari","512 TR","","","FH4","","FH4","FM7","FH3","FM6","","","FM5","DLC","FM4","FM3","FM2","1993","10","","Legendary","270,000","A","754",""
"Extreme Track Toys","1989","Ferrari","F40 Competizione","","","FH4","","FH4","FM7","","","","","","FH1","FM4","FM3","DLC","","6","","Legendary","3,000,000","S2","961",""
"Retro Super Cars","1987","Ferrari","F40","","","FH4","","FH4","FM7","FH3","FM6","","FH2","FM5","FH1","FM4","FM3","FM2","1992","11","","Legendary","1,200,000","S1","807","7.7"
"Retro Super Cars","1984","Ferrari","288 GTO","","","FH4","","FH4","FM7","FH3","FM6","","FH2","FM5","FH1","FM4","FM3","FM2","FM1","11","","Legendary","3,100,000","A","768",""
"Rare Classics","1969","Ferrari","Dino 246 GT","","","FH4","","FH4","FM7","FH3","FM6","","FH2","DLC","Uni","FM4","FM3","FM2","FM1","11","","Legendary","425,000","C","512",""
"Rare Classics","1968","Ferrari","365 GTB/4","","","FH4","","FH4","FM7","FH3","FM6","","","DLC","","FM4","","","","6","","Epic","600,000","B","641",""
"Classic Racers","1967","Ferrari","#24 Ferrari Spa 330 P4","","","FH4","","FH4","FM7","FH3","FM6","","DLC","","","FM4","FM3","FM2","FM1","9","","Legendary","10,000,000","A","799",""
"Classic Racers","1963","Ferrari","250LM","","","FH4","","FH4","FM7","FH3","DLC","","","","","","","","","4","","Legendary","10,000,000","A","732",""
"Classic Racers","1962","Ferrari","250 GTO","","","FH4","","FH4","FM7","FH3","FM6","","FH2","FM5","FH1","","","","","7","","Legendary","10,000,000","B","679",""
"Rare Classics","1962","Ferrari","250 GT Berlinetta Lusso","","","FH4","","FH4","FM7","FH3","FM6","","FH2","","","","","","","5","","Legendary","2,600,000","C","568","6.3"
"Classic Racers","1957","Ferrari","250 Testa Rossa","","","FH4","","FH4","FM7","FH3","FM6","","FH2","FM5","FH1","FM4","DLC","","","9","","Legendary","10,000,000","A","704",""
"Rare Classics","1957","Ferrari","250 California","","","FH4","","FH4","FM7","FH3","FM6","","FH2","DLC","FH1","FM4","DLC","","","9","","Legendary","8,000,000","C","540",""
"Classic Racers","1953","Ferrari","500 Mondial","","","FH4","","FH4","FM7","FH3","FM6","","DLC","","","","","","","5","","Legendary","1,000,000","C","544","6.1"
"Classic Racers","1948","Ferrari","166MM Barchetta","","","FH4","","FH4","FM7","FH3","","","","","","","","","","3","","Legendary","6,500,000","C","554","5.7"
"Classic Sports Cars","1980","FIAT","124 Sport Spider","","","FH4","","FH4","FM7","FH3","DLC","","","","","","","","","4","","Common","25,000","D","244",""
"Modern Muscle","2018","Ford","Mustang GT DeBerti Design","DLC store","Free w/DLC","FH4","20181026","DLC","","","","","","","","","","","","1","","Epic","500,000","S1","835","8.2"
"Modern Muscle","2018","Ford","Mustang GT","","Loyalty Rewards","FH4","","FH4","","","","","","","","","","","","1","","Common","40,000","A","778",""
"Modern Super Cars","2017","Ford","GT","","","FH4","","FH4","FM7","FH3","FM6","Apex","","","","","","","","5","","Epic","400,000","S1","900",""
"Super Hot Hatch","2017","Ford","Focus RS","","","FH4","","FH4","FM7","FH3","DLC","","","","","","","","","4","","Rare","59,000","A","718",""
"Super Hot Hatch","2017","Ford","Focus RS Preorder Car","DLC promo","Free w/DLC","FH4","?","DLC","","","","","","","","","","","","1","","Rare","59,000","A","800",""
"Offroad","2017","Ford","F-150 Raptor","","Loyalty Rewards","FH4","","FH4","FM7","FH3","FM6","Apex","","","","","","","","5","","Rare","63,000","B","627","5.8"
"Rally Monsters","2017","Ford","#14 Rahal Letterman Lanigan Racing GRC Fiesta","","","FH4","","FH4","","","","","","","","","","","","1","","Legendary","500,000","S1","880",""
"Rally Monsters","2017","Ford","M-Sport Fiesta RS","","","FH4","","FH4","","","","","","","","","","","","1","","Legendary","500,000","S1","819",""
"Track Toys","2016","Ford","Shelby GT350R","","","FH4","","FH4","FM7","FH3","DLC","","","","","","","","","4","","Rare","75,000","S1","840",""
"Modern Muscle","2015","Ford","Falcon GT F 351","","","FH4","","FH4","FM7","DLC","","","","","","","","","","3","","Common","60,000","A","739",""
"Extreme Offroad","2014","Ford","#11 Rockstar F-150 Trophy Truck","","","FH4","","FH4","FM7","DLC","","","","","","","","","","3","","Legendary","500,000","A","785","6.4"
"Vans & Utility","2014","Ford","FPV Limited Edition Pursuit Ute","","","FH4","","FH4","FM7","FH3","","","","","","","","","","3","","Rare","50,000","A","710",""
"Hot Hatch","2014","Ford","Fiesta ST","","","FH4","","FH4","FM7","FH3","FM6","","FH2","FM5","","","","","","6","","Common","25,000","B","621","6.1"
"Extreme Offroad","2014","Ford","Ranger T6 Rally Raid","","","FH4","","FH4","FM7","FH3","","","DLC","","","","","","","4","","Legendary","500,000","A","703","5.4"
"Modern Muscle","2013","Ford","Shelby GT500","","","FH4","","FH4","FM7","FH3","FM6","","FH2","FM5","FH1","","","","","7","","Epic","115,000","A","774",""
"Vans & Utility","2011","Ford","Transit SuperSportVan","","","FH4","","FH4","FM7","FH3","FM6","","FH2","DLC","DLC","DLC","","","","8","","Rare","50,000","D","416",""
"Vans & Utility","2011","Ford","Transit SuperSportVan Forza Edition","DLC store","Free w/DLC","FH4","FH4 VIP","DLC","","","","","","","","","","","","1","Speed Skills","FE","300,000","B","695","5.4"
"Offroad","2011","Ford","F-150 SVT Raptor","Exclusive","Wheelspin","FH4","","FH4","FM7","FH3","FM6","","FH2","DLC","FH1","DLC","","","","8","","Common","42,000","B","627","6.1"
"Retro Muscle","2010","Ford","Crown Victoria Police Interceptor","Exclusive","Wheelspin","FH4","","FH4","FM7","DLC","","","","","","","","","","3","","Common","25,000","C","521",""
"Super Hot Hatch","2009","Ford","Focus RS","","","FH4","","FH4","FM7","FH3","FM6","","FH2","FM5","","FM4","FM3","","","8","","Rare","25,000","B","696",""
"Retro Super Cars","2005","Ford","GT","","","FH4","","FH4","FM7","FH3","FM6","","FH2","FM5","FH1","FM4","FM3","FM2","FM1","11","","Epic","300,000","S1","810",""
"Modern Rally","2003","Ford","Focus RS","","","FH4","","FH4","FM7","FH3","FM6","","DLC","","","","","","","5","","Common","30,000","B","649","6.0"
"Retro Muscle","2000","Ford","SVT Cobra R","","","FH4","","FH4","FM7","FH3","FM6","","FH2","FM5","","FM4","FM3","FM2","FM1","10","","Common","55,000","B","682","7.3"
"Retro Muscle","1993","Ford","SVT Cobra R","Exclusive","Wheelspin","FH4","","FH4","FM7","FH3","FM6","","FH2","FM5","","FM4","FM3","","","8","","Common","28,000","C","533","6.1"
"Retro Rally","1992","Ford","Escort RS Cosworth","","","FH4","","FH4","FM7","FH3","FM6","","FH2","FM5","DLC","FM4","","","","8","","Rare","66,000","C","431","5.7"
"Retro Saloons","1987","Ford","Sierra Cosworth RS500","","","FH4","","FH4","FM7","FH3","FM6","","FH2","DLC","FH1","FM4","DLC","","","9","","Rare","66,000","B","608","6.4"
"Retro Hot Hatch","1986","Ford","Escort RS Turbo","Exclusive","Barn Find","FH4","","FH4","","","","","","","","","","","","1","","Legendary","25,000","C","506",""
"Rally Monsters","1985","Ford","RS200 Evolution","Exclusive","Horizon Life","FH4","","FH4","FM7","FH3","FM6","","FH2","FM5","FH1","FM4","FM3","","","9","","Legendary","260,000","S1","839",""
"Retro Hot Hatch","1981","Ford","Fiesta XR2","","","FH4","","FH4","FM7","FH3","FM6","","DLC","","","","","","","5","","Common","25,000","D","324",""
"Classic Rally","1977","Ford","Escort RS1800","","","FH4","","FH4","FM7","FH3","FM6","","FH2","DLC","","DLC","","","","7","","Epic","88,000","D","311",""
"Offroad","1975","Ford","Bronco","","","FH4","","FH4","FM7","FH3","FM6","","DLC","","","","","","","5","","Common","38,000","D","379",""
"Classic Muscle","1973","Ford","XB Falcon GT","Exclusive","Wheelspin","FH4","","FH4","FM7","FH3","FM6","","","DLC","","FM4","","","","6","","Common","60,000","C","529",""
"Classic Sports Cars","1973","Ford","Capri RS3100 [MKI]","","","FH4","","FH4","FM7","FH3","FM6","","FH2","","","","","","","5","","Rare","55,000","D","478",""
"Rally Monsters","1973","Ford","Capri RS3100 Forza Edition","Exclusive","?","FH4","","FE","","","","","","","","","","","","1","Skills","FE","305,000","B","613",""
"Classic Rally","1973","Ford","Escort RS1600","","","FH4","","FH4","FM7","FH3","Uni","","","","","","","","","4","","Rare","73,000","D","440",""
"Classic Muscle","1972","Ford","Falcon XA GT-HO","","","FH4","","FH4","FM7","DLC","","","","","","","","","","3","","Common","80,000","B","608",""
"Classic Muscle","1972","Ford","Falcon XA GT-HO Forza Edition","Exclusive","Wheelspin","FH4","","FE","","","","","","","","","","","","1","Speed Skills","FE","330,000","S1","811",""
"Classic Muscle","1971","Ford","Mustang Mach 1","","","FH4","","FH4","FM7","","FM6","Apex","","DLC","","FM4","","","","6","","Rare","45,000","C","561",""
"Classic Muscle","1969","Ford","Mustang Boss 302","Exclusive","Story","FH4","","FH4","FM7","FH3","FM6","Apex","FH2","FM5","","","","","","7","","Legendary","230,000","C","564",""
"Classic Racers","1966","Ford","#2 GT40 MkII (Le Mans)","","","FH4","","FH4","FM7","FH3","FM6","","FH2","FM5","FH1","FM4","FM3","FM2","FM1","11","","Legendary","10,000,000","A","795",""
"Classic Racers","1966","Ford","Lotus Cortina","","","FH4","","FH4","FM7","FH3","FM6","","DLC","DLC","","DLC","","","","7","","Rare","50,000","D","379",""
"Classic Muscle","1965","Ford","Mustang GT Coupe","","","FH4","","FH4","FM7","","FM6","Apex","","DLC","","DLC","","","","6","","Common","46,000","C","507",""
"Classic Racers","1964","Ford","GT40 MkI","","","FH4","","FH4","","","","","","","","","","","","1","","Legendary","6,500,000","A","772",""
"Cult Cars","1959","Ford","Anglia 105E","","","FH4","","FH4","","","","","","","","","","","","1","","Common","20,000","D","100",""
"Rods and Customs","1956","Ford","F-100","","","FH4","","FH4","FM7","FH3","FM6","","DLC","DLC","DLC","","","","","7","","Common","36,000","D","221",""
"Rods and Customs","1946","Ford","Super Deluxe Station Wagon","","","FH4","","FH4","FM7","FH3","","","","","","","","","","3","","Rare","75,000","D","100",""
"Rods and Customs","1940","Ford","De Luxe Coupe","","","FH4","","FH4","FM7","FH3","FM6","","","DLC","","DLC","","","","6","","Common","44,000","D","100",""
"Rods and Customs","1932","Ford","De Luxe Five-Window Coupe","","","FH4","","FH4","FM7","DLC","","","","","","","","","","3","","Common","35,000","D","100",""
"Extreme Track Toys","2016","Formula Drift","#98 BMW 325i","DLC store","Free w/DLC","FH4","201810 Formula D","DLC","DLC","","","","","","","","","","","2","","Legendary","300,000","S1","837",""
"Extreme Track Toys","2015","Formula Drift","#118 Nissan 240SX","DLC store","Free w/DLC","FH4","201810 Formula D","DLC","DLC","","","","","","","","","","","2","","Legendary","300,000","S1","860",""
"Extreme Track Toys","2006","Formula Drift","#232 Nissan 240SX","DLC store","Free w/DLC","FH4","201810 Formula D","DLC","DLC","","","","","","","","","","","2","","Legendary","300,000","S1","859",""
"Extreme Track Toys","1997","Formula Drift","#777 Nissan 240SX","DLC store","Free w/DLC","FH4","201810 Formula D","DLC","DLC","","","","","","","","","","","2","","Legendary","300,000","S1","861",""
"Extreme Track Toys","1996","Formula Drift","#43 Dodge Viper SRT10","DLC store","Free w/DLC","FH4","201810 Formula D","DLC","DLC","","","","","","","","","","","2","","Legendary","300,000","S1","859",""
"Extreme Track Toys","1995","Formula Drift","#13 Ford Mustang","DLC store","Free w/DLC","FH4","201810 Formula D","DLC","DLC","","","","","","","","","","","2","","Legendary","300,000","S1","852",""
"Extreme Track Toys","1989","Formula Drift","#530 HSV Maloo Gen-F","DLC store","Free w/DLC","FH4","201810 Formula D","DLC","DLC","","","","","","","","","","","2","","Legendary","300,000","S1","836",""
"Vans & Utility","1983","GMC","Vandura G-1500","","","FH4","","FH4","FM7","FH3","FM6","","","DLC","DLC","DLC","","","","7","","Common","25,000","D","151",""
"Retro Muscle","1985","HDT","VK Commodore Group A","","","FH4","","FH4","FM7","DLC","","","","","","","","","","3","","Common","28,000","C","545","5.9"
"Hypercars","2012","Hennessey","Venom GT","","","FH4","","FH4","FM7","FH3","FM6","","FH2","FM5","FH1","DLC","","","","8","","Legendary","1,200,000","S2","930",""
"Classic Muscle","1977","Holden","Torana A9X","","","FH4","","FH4","FM7","FH3","DLC","","","","","","","","","4","","Rare","130,000","C","507",""
"Vans & Utility","1974","Holden","Sandman HQ panel van","","","FH4","","FH4","FM7","FH3","","","","","","","","","","3","","Rare","55,000","D","500",""
"Classic Muscle","1973","Holden","HQ Monaro GTS 350","","","FH4","","FH4","FM7","FH3","DLC","","","","","","","","","4","","Rare","75,000","C","524",""
"Super Hot Hatch","2018","Honda","Civic Type R","Exclusive","Forzathon Shop","FH4","20181018","cu","cu","","","","","","","","","","","2","","Rare","59,000","A","745","7.4"
"Rally Monsters","2016","Honda","Civic Coupe GRC","DLC store","Free w/DLC","FH4","20181018","DLC","","","","","","","","","","","","1","","Common","","S1","878","5.8"
"Super Hot Hatch","2015","Honda","Civic Type R","","","FH4","","FH4","FM7","DLC","","","","","","","","","","3","","Common","38,000","A","714",""
"Extreme Offroad","2015","Honda","Ridgeline Baja Trophy Truck","","","FH4","","FH4","DLC","","","","","","","","","","","2","","Rare","500,000","A","751","6.0"
"Modern Sports Cars","2009","Honda","S2000 CR","","","FH4","","FH4","FM7","FH3","FM6","","FH2","FM5","","","","","","6","","Common","25,000","B","647",""
"Hot Hatch","2007","Honda","Civic Type-R ","","","FH4","","FH4","FM7","","FM6","","","FM5","","FM4","FM3","DLC","","7","","Common","20,000","C","576","6.1"
"Retro Sports Cars","2005","Honda","NSX-R","Exclusive","Wheelspin","FH4","","FH4","FM7","FH3","FM6","","","FM5","","FM4","FM3","FM2","2004","9","","Legendary","150,000","A","714","7.0"
"Retro Hot Hatch","2004","Honda","Civic Type-R","Exclusive","Wheelspin","FH4","","FH4","FM7","FH3","FM6","","FH2","FM5","FH1","FM4","FM3","FM2","FM1","11","","Common","25,000","B","610","6.2"
"Retro Hot Hatch","1997","Honda","Civic Type R","","","FH4","","FH4","FM7","FH3","FM6","","FH2","FM5","","FM4","","","","7","","Common","25,000","C","551",""
"Retro Sports Cars","1992","Honda","NSX-R","","","FH4","","FH4","FM7","FH3","FM6","","FH2","FM5","","FM4","FM3","FM2","FM1","10","","Rare","90,000","A","707",""
"Retro Hot Hatch","1991","Honda","CR-X SiR","","","FH4","","FH4","FM7","","FM6","","DLC","","Uni","FM4","FM3","FM2","FM1","9","","Common","20,000","C","504",""
"Rally Monsters","1991","Hoonigan","Gymkhana 10 Ford Escort Cosworth Group A","DLC store","Free w/DLC","FH4","20181102","DLC","","","","","","","","","","","","1","","Common","300,000","S1","880","7.9"
"Extreme Track Toys","1977","Hoonigan","Gymkhana 10 Ford F-150 'Hoonitruck'","DLC store","Free w/DLC","FH4","20181102","DLC","","","","","","","","","","","","1","","Common","500,000","S2","916","6.8"
"Rally Monsters","2016","Hoonigan","Gymkhana 9 Ford Focus RS RX","","","FH4","","FH4","FM7","DLC","","","","","","","","","","3","","Legendary","500,000","S1","886",""
"Retro Sports Cars","1992","Hoonigan","Mazda RX-7 Twerkstallion","","","FH4","","FH4","DLC","DLC","","","","","","","","","","3","","Common","50,000","S1","838",""
"Retro Super Cars","1991","Hoonigan","Rauh-Welt Begriff Porsche 911 Turbo","Exclusive","Horizon Life","FH4","","FH4","DLC","DLC","","","","","","","","","","3","","Legendary","160,000","S1","850","7.3"
"Rally Monsters","1978","Hoonigan","Ford Escort RS1800","","","FH4","","FH4","DLC","DLC","","","","","","","","","","3","","Epic","300,000","S1","828",""
"Classic Muscle","1972","Hoonigan","Chevrolet Napalm Nova","Exclusive","Wheelspin","FH4","","FH4","DLC","DLC","","","","","","","","","","3","","Rare","50,000","A","765","7.3"
"Extreme Track Toys","1965","Hoonigan","Ford Hoonicorn Mustang","","","FH4","","FH4","DLC","DLC","","","","","","","","","","3","","Legendary","500,000","S2","985",""
"Extreme Track Toys","1965","Hoonigan","Gymkhana 10 Ford Hoonicorn Mustang","Exclusive","Forzathon Shop","FH4","20181116","cu","","","","","","","","","","","","1","","","","","",""
"Rods and Customs","1955","Hoonigan","Chevrolet Bel Air","","","FH4","","FH4","DLC","DLC","","","","","","","","","","3","","Common","76,000","D","571",""
"Rods and Customs","2011","Hot Wheels","Bone Shaker","Exclusive","Forzathon Shop","FH4","20181102","cu","","DLC","DLC","","","","","","","","","3","","Common","150,000","A","795","6.7"
"Rods and Customs","1969","Hot Wheels","Twin Mill","Exclusive","20181025 event","FH4","20181026","cu","","DLC","","","","","","","","","","2","","Common","110,000","S1","821","8.8"
"Vans & Utility","2016","HSV","Limited Edition Gen-F GTS Maloo","","","FH4","","FH4","FM7","FH3","","","","","","","","","","3","","Rare","62,000","A","764",""
"Modern Muscle","2014","HSV","GEN-F GTS","","","FH4","","FH4","FM7","FH3","","","","","","","","","","3","","Rare","75,000","A","747",""
"Offroad","2006","Hummer","H1 Alpha","Exclusive","Wheelspin","FH4","","FH4","FM7","FH3","FM6","","FH2","DLC","","FM4","","","","7","","Epic","112,000","D","391",""
"Super Hot Hatch","2019","Hyundai","Veloster N","","","FH4","","FH4","cu","","","","","","","","","","","2","","Common","30,000","B","657",""
"Super Saloons","2015","Infiniti","Q60 Concept","","","FH4","","FH4","FM7","FH3","DLC","","","","","","","","","4","","Common","50,000","A","757",""
"Super Saloons","2014","Infiniti","Q50 Eau Rouge","","","FH4","","FH4","FM7","FH3","FM6","","","cu","","","","","","5","","Rare","100,000","A","783",""
"Offroad","1970","International","Scout 800A","","","FH4","","FH4","FM7","DLC","","","","","","","","","","3","","Common","40,000","D","334",""
"Sports Utility Heroes","2017","Jaguar","F-PACE S","","","FH4","","FH4","FM7","DLC","","","","","","","","","","3","","Common","55,000","B","698","6.6"
"Track Toys","2016","Jaguar","F-TYPE Project 7","","","FH4","","FH4","FM7","FH3","DLC","","","","","","","","","4","","Rare","190,000","S1","805","7.5"
"GT Cars","2015","Jaguar","F-TYPE R Coupe","","","FH4","","FH4","FM7","FH3","FM6","","DLC","","","","","","","5","","Epic","110,000","A","795",""
"Track Toys","2015","Jaguar","XKR-S GT","Exclusive","Horizon Life","FH4","","FH4","FM7","FH3","FM6","Apex","","","","","","","","5","","Legendary","190,000","A","798",""
"Super Saloons","2015","Jaguar","XFR-S","","","FH4","","FH4","FM7","FH3","FM6","","DLC","","","","","","","5","","Rare","110,000","A","755",""
"Super Saloons","2015","Jaguar","XE-S","","","FH4","","FH4","FM7","DLC","","","","","","","","","","3","","Rare","57,000","B","660",""
"GT Cars","2012","Jaguar","XKR-S","","","FH4","","FH4","FM7","","","","FH2","FM5","FH1","DLC","","","","6","","Epic","100,000","A","782",""
"Retro Super Cars","1993","Jaguar","XJ220","Exclusive","Barn Find","FH4","","FH4","FM7","FH3","FM6","","DLC","","","FM4","FM3","FM2","FM1","9","","Legendary","350,000","S1","811",""
"Cult Cars","1990","Jaguar","XJ-S","","","FH4","","FH4","FM7","FH3","DLC","","","","","","","","","4","","Common","25,000","C","557",""
"Rare Classics","1964","Jaguar","Lightweight E-Type","","","FH4","","FH4","","","","","","","","","","","","1","","Legendary","10,000,000","A","707",""
"Rare Classics","1961","Jaguar","E-type S1","Exclusive","Barn Find","FH4","","FH4","FM7","FH3","FM6","","FH2","FM5","FH1","FM4","FM3","FM2","FM1","11","","Legendary","150,000","C","539","6.0"
"Classic Racers","1959","Jaguar","Mk II 3.8","","","FH4","","FH4","FM7","FH3","","","","","","","","","","3","","Common","80,000","D","414",""
"Classic Racers","1956","Jaguar","D-Type","","","FH4","","FH4","FM7","FH3","FM6","","FH2","DLC","FH1","FM4","DLC","","","9","","Legendary","10,000,000","C","513","6.4"
"Rare Classics","1954","Jaguar","XK120 SE","","","FH4","","FH4","FM7","FH3","FM6","","FH2","","","DLC","","","","6","","Epic","120,000","D","469",""
"Modern Super Cars","2015","James Bond","Aston Martin DB10 James Bond Edition","DLC store","Free w/DLC","FH4","201809 Bond","DLC","","","","","","","","","","","","1","","Epic","220,000","S1","814",""
"Modern Super Cars","2010","James Bond","Jaguar C-X75 James Bond Edition","DLC store","Free w/DLC","FH4","201809 Bond","DLC","","","","","","","","","","","","1","","Epic","1,500,000","S1","900",""
"GT Cars","2008","James Bond","Aston Martin DBS James Bond Edition","DLC store","Free w/DLC","FH4","201809 Bond","DLC","","","","","","","","","","","","1","","Epic","325,000","A","779",""
"Retro Sports Cars","1999","James Bond","BMW Z8 James Bond Edition","DLC store","Free w/DLC","FH4","201809 Bond","DLC","","","","","","","","","","","","1","","Rare","150,000","A","720",""
"Retro Sports Cars","1986","James Bond","Aston Martin V8 James Bond Edition","DLC store","Free w/DLC","FH4","201809 Bond","DLC","","","","","","","","","","","","1","","Epic","200,000","B","620",""
"Cult Cars","1981","James Bond","Citroen 2CV6 James Bond Edition","DLC store","Free w/DLC","FH4","201809 Bond","DLC","","","","","","","","","","","","1","","Rare","80,000","D","100",""
"Retro Super Cars","1977","James Bond","Lotus Esprit S1 James Bond Edition","DLC store","Free w/DLC","FH4","201809 Bond","DLC","","","","","","","","","","","","1","","Legendary","550000","C","541",""
"Classic Muscle","1974","James Bond","AMC Hornet James Bond Edition","DLC store","Free w/DLC","FH4","201809 Bond","DLC","","","","","","","","","","","","1","","Common","35,000","D","414",""
"Rare Classics","1969","James Bond","Aston Martin DBS James Bond Edition","DLC store","Free w/DLC","FH4","201809 Bond","DLC","","","","","","","","","","","","1","","Legendary","650,000","B","612",""
"Rare Classics","1964","James Bond","Aston Martin DB5 James Bond Edition","DLC store","Free w/DLC","FH4","201809 Bond","DLC","","","","","","","","","","","","1","","Legendary","650,000","B","618",""
"Sports Utility Heroes","2018","Jeep","Grand Cherokee Trackhawk","Exclusive","Horizon Life","FH4","","FH4","DLC","","","","","","","","","","","2","","Rare","73,000","A","780","7.4"
"Extreme Offroad","2016","Jeep","Trailcat","Exclusive","Horizon Life","FH4","","FH4","FM7","DLC","","","","","","","","","","3","","Rare","75,000","A","790","6.8"
"Sports Utility Heroes","2014","Jeep","Grand Cherokee SRT","Exclusive","Wheelspin","FH4","","FH4","FM7","FH3","FM6","","DLC","","","","","","","5","","Rare","80,000","A","711","6.7"
"Offroad","2012","Jeep","Wrangler Rubicon","","","FH4","","FH4","FM7","FH3","","","FH2","","DLC","DLC","","","","6","","Common","50,000","D","488",""
"Offroad","1976","Jeep","CJ5 Renegade","","","FH4","","FH4","FM7","DLC","","","","","","","","","","3","","Rare","60,000","D","417",""
"Super Saloons","2018","Kia","Stinger","","","FH4","","FH4","DLC","","","","","","","","","","","2","","Common","46,000","A","715",""
"Hypercars","2017","Koenigsegg","Agera RS","DLC store","Free w/DLC","FH4","20180927","DLC","","","","","","","","","","","","1","","Legendary","2,000,000","S2","996","10.0"
"Hypercars","2016","Koenigsegg","Regera","","","FH4","","FH4","FM7","DLC","","","","","","","","","","3","","Legendary","1,900,000","S2","972",""
"Hypercars","2015","Koenigsegg","One:1","","","FH4","","FH4","FM7","FH3","DLC","","","","","","","","","4","","Legendary","2,850,000","S2","993",""
"Hypercars","2011","Koenigsegg","Agera","","","FH4","","FH4","FM7","FH3","FM6","Apex","FH2","FM5","DLC","DLC","","","","9","","Legendary","1,500,000","S2","920",""
"Track Toys","2013","KTM","X-Bow R","","","FH4","","FH4","FM7","FH3","FM6","","FH2","FM5","","","","","","6","","Rare","105,000","S1","819",""
"Hypercars","2016","Lamborghini","Centenario LP 770-4","","","FH4","","FH4","FM7","FH3","","","","","","","","","","3","","Legendary","2,300,000","S2","918","8.6"
"Hypercars","2016","Lamborghini","Aventador LP750-4 SV","Exclusive","Ranked Online","FH4","","FH4","FM7","DLC","","","","","","","","","","3","","Epic","480,000","S2","906",""
"Modern Super Cars","2014","Lamborghini","Huracan LP 610-4","Exclusive","Horizon Life","FH4","","FH4","FM7","FH3","FM6","Apex","FH2","","","","","","","6","","Rare","240,000","S1","866","8.2"
"Sports Utility Heroes","2014","Lamborghini","Urus","","","FH4","","FH4","FM7","FH3","FM6","","DLC","","","","","","","5","","Legendary","230,000","A","774","7.4"
"Hypercars","2013","Lamborghini","Veneno","","","FH4","","FH4","FM7","FH3","DLC","","FH2","DLC","","","","","","6","","Legendary","4,500,000","S2","943",""
"Modern Super Cars","2012","Lamborghini","Gallardo LP570-4 Spyder Performante","DLC store","Free w/DLC","FH4","20181026","DLC","","","","","","","DLC","","","","","2","","Common","280,000","S1","814","7.5"
"Hypercars","2012","Lamborghini","Aventador LP700-4","","","FH4","","FH4","FM7","FH3","FM6","Apex","FH2","FM5","FH1","DLC","","","","9","","Epic","310,000","S1","882",""
"Hypercars","2012","Lamborghini","Aventador LP700-4 Forza Edition","Exclusive","Wheelspin","FH4","","FE","","","","","","","","","","","","1","Speed Skills","FE","560,000","S1","879",""
"Extreme Track Toys","2011","Lamborghini","Sesto Elemento","","","FH4","","FH4","FM7","cu","","","","","DLC","FM4","","","","5","","Legendary","2,500,000","S2","948",""
"Modern Super Cars","2011","Lamborghini","Gallardo LP570-4 Superleggera","","","FH4","","FH4","FM7","FH3","FM6","","DLC","FM5","FH1","DLC","","","","8","","Epic","180,000","S1","833",""
"Modern Super Cars","2010","Lamborghini","Murcielago LP670-4 SV","","","FH4","","FH4","FM7","FH3","FM6","","FH2","FM5","FH1","FM4","DLC","","","9","","Legendary","500000","S1","840",""
"Modern Super Cars","2008","Lamborghini","Reventon","","","FH4","","FH4","FM7","FH3","FM6","","","DLC","","FM4","FM3","","","7","","Legendary","1,375,000","S1","841",""
"Modern Super Cars","2008","Lamborghini","Reventon Forza Edition","Exclusive","Car Mastery Miura","FH4","","FE","","","","","","","","","","","","1","Credits","FE","1,625,000","S1","841",""
"Retro Super Cars","1997","Lamborghini","Diablo SV","","","FH4","","FH4","FM7","FH3","FM6","","FH2","FM5","FH1","FM4","FM3","FM2","","10","","Rare","175,000","A","787",""
"Retro Super Cars","1988","Lamborghini","Countach LP5000 QV","","","FH4","","FH4","FM7","FH3","FM6","","FH2","FM5","FH1","FM4","FM3","FM2","","10","","Rare","220,000","A","759",""
"Offroad","1986","Lamborghini","LM 002","","","FH4","","FH4","FM7","FH3","FM6","","DLC","","","","","","","5","","Epic","180,000","C","553",""
"Rare Classics","1967","Lamborghini","Miura P400","","","FH4","","FH4","FM7","FH3","FM6","","FH2","FM5","FH1","FM4","DLC","DLC","","10","","Legendary","1,000,000","B","619","6.6"
"Retro Rally","1992","Lancia","Delta HF Integrale EVO","Exclusive","Ranked Online","FH4","","FH4","FM7","FH3","FM6","","FH2","","FH1","FM4","FM3","FM2","FM1","10","","Rare","60,000","C","532",""
"Retro Rally","1986","Lancia","Delta S4","","","FH4","","FH4","FM7","FH3","FM6","","FH2","FM5","FH1","","","","","7","","Epic","146,000","B","638","5.8"
"Retro Rally","1982","Lancia","037 Stradale","","","FH4","","FH4","FM7","FH3","FM6","","FH2","FM5","DLC","FM4","DLC","","","9","","Epic","95000","C","590","6.0"
"Classic Rally","1974","Lancia","Stratos HF Stradale","","","FH4","","FH4","FM7","FH3","FM6","","FH2","DLC","FH1","FM4","FM3","FM2","FM1","11","","Legendary","550,000","C","544",""
"Classic Rally","1968","Lancia","Fulvia Coupe Rallye 1.6 HF","","","FH4","","FH4","FM7","FH3","FM6","","FH2","","","","","","","5","","Rare","60,000","D","490",""
"Sports Utility Heroes","2015","Land Rover","Range Rover Sport SVR","","","FH4","","FH4","FM7","FH3","DLC","","","","","","","","","4","","Epic","133,000","A","752","7.1"
"Offroad","1997","Land Rover","Defender 90","","","FH4","","FH4","FM7","FH3","FM6","","DLC","","","","","","","5","","Rare","30,000","D","357",""
"Offroad","1973","Land Rover","Range Rover","Exclusive","Barn Find (Seasonal)","FH4","","FH4","","","","","","","","","","","","1","","Legendary","50,000","D","235","4.5"
"Offroad","1972","Land Rover","Series III","","","FH4","","FH4","FM7","DLC","","","","","","","","","","3","","Common","20,000","D","100",""
"Offroad","1972","Land Rover","Series III Forza Edition","Exclusive","Wheelspin","FH4","","FE","","","","","","","","","","","","1","Destruction","FE","270,000","S1","802","6.6"
"Extreme Offroad","2014","Local Motors","Rally Fighter","","","FH4","","FH4","FM7","FH3","FM6","","FH2","","","","","","","5","","Epic","100,000","A","760","6.7"
"Classic Racers","1969","Lola","#6 Penske Sunoco T70 MkIIIB","","","FH4","","FH4","FM7","cu","","","","","","","","","","3","","Legendary","850,000","S1","828",""
"Track Toys","2016","Lotus","3-Eleven","","","FH4","","FH4","FM7","DLC","","","","","","","","","","3","","Rare","150,000","S1","870",""
"Modern Sports Cars","2012","Lotus","Exige S","","","FH4","","FH4","FM7","FH3","FM6","","FH2","FM5","DLC","","","","","7","","Rare","85,000","A","772",""
"Modern Sports Cars","2011","Lotus","Evora S","","","FH4","","FH4","FM7","FH3","FM6","","DLC","","FH1","","","","","6","","Rare","43,000","A","748",""
"Track Toys","2009","Lotus","2-Eleven","Exclusive","Wheelspin","FH4","","FH4","FM7","FH3","FM6","","FH2","FM5","FH1","FM4","DLC","","","9","","Rare","130,000","S1","813",""
"Retro Sports Cars","2005","Lotus","Elise 111S","Exclusive","Wheelspin","FH4","","FH4","FM7","FH3","FM6","","","","","FM4","FM3","FM2","2002","8","","Rare","45,000","B","650",""
"Retro Super Cars","2002","Lotus","Esprit V8","","","FH4","","FH4","FM7","FH3","FM6","","DLC","DLC","","FM4","FM3","FM2","FM1","10","","Rare","42,000","A","756",""
"Retro Sports Cars","2000","Lotus","340R","","","FH4","","FH4","FM7","DLC","","","","","","","","","","3","","Rare","40,000","A","706",""
"Track Toys","1997","Lotus","Elise GT1","Exclusive","Barn Find","FH4","","FH4","DLC","","","","","","","","","","","2","","Legendary","1,800,000","S1","815",""
"Classic Sports Cars","1971","Lotus","Elan Sprint","","","FH4","","FH4","FM7","","FM6","","","FM5","Uni","FM4","FM3","1972","1972","9","","Rare","57,000","D","456",""
"Classic Racers","1956","Lotus","Eleven","","","FH4","","FH4","FM7","FH3","FM6","","FH2","DLC","","DLC","","","","7","","Rare","140,000","C","553",""
"GT Cars","2010","Maserati","Gran Turismo S","","","FH4","","FH4","FM7","FH3","FM6","","FH2","FM5","FH1","FM4","","","","8","","Rare","156,000","A","727",""
"Retro Super Cars","2004","Maserati","MC12","","","FH4","","FH4","FM7","FH3","FM6","","FH2","DLC","","FM4","FM3","FM2","","9","","Epic","1,000,000","S1","861",""
"Extreme Track Toys","2004","Maserati","MC12 Forza Edition","Exclusive","Car Mastery 300S","FH4","","FE","","","","","","","","","","","","1","Speed Skills","FE","1,250,000","S2","945",""
"Classic Racers","1961","Maserati","Tipo 61 Birdcage","","","FH4","","FH4","FM7","FH3","FM6","","FH2","DLC","","","","","","6","","Legendary","2,400,000","A","747",""
"Classic Racers","1957","Maserati","300 S","","","FH4","","FH4","FM7","FH3","FM6","","DLC","","","DLC","","","","6","","Legendary","6,000,000","B","668",""
"Rare Classics","1953","Maserati","A6GCS/53 PininFarina Berlinetta","","","FH4","","FH4","FM7","FH3","","","","","","","","","","3","","Legendary","2,000,000","D","486","5.5"
"Vintage Racers","1939","Maserati","8CTF","","","FH4","","FH4","FM7","","FM6","","","DLC","","","","","","4","","Legendary","10,000,000","B","648",""
"Modern Sports Cars","2016","Mazda","MX-5","","","FH4","","FH4","FM7","FH3","FM6","","DLC","","","","","","","5","","Common","35,000","B","625",""
"Modern Sports Cars","2013","Mazda","MX-5","","","FH4","","FH4","FM7","FH3","FM6","","FH2","FM5","","","","","","6","","Common","26,000","C","525",""
"Modern Sports Cars","2011","Mazda","RX-8 R3","","","FH4","","FH4","FM7","FH3","FM6","","FH2","FM5","","DLC","","","","7","","Common","27,000","B","638",""
"Retro Sports Cars","2005","Mazda","Mazdaspeed MX-5","","","FH4","","FH4","FM7","FH3","FM6","","DLC","","","","","","","5","","Common","25,000","B","605",""
"Retro Sports Cars","2002","Mazda","RX-7 Spirit-R Type A","DLC store","Free w/DLC","FH4","20181004","DLC","","","","","","","","Uni","Uni","FM2","","4","","Common","25,000","A","711","7.1"
"Retro Sports Cars","1997","Mazda","RX-7 [FD]","","","FH4","","FH4","FM7","FH3","FM6","","FH2","FM5","FH1","FM4","FM3","FM2","","10","","Common","35,000","B","681",""
"Retro Sports Cars","1994","Mazda","MX-5 Miata","","","FH4","","FH4","FM7","FH3","FM6","","FH2","FM5","FH1","FM4","FM3","","","9","","Common","25,000","D","428",""
"Retro Sports Cars","1990","Mazda","Savanna RX-7 [FC]","","","FH4","","FH4","FM7","DLC","","","","","","FM4","FM3","FM2","","6","","Common","25,000","C","561",""
"Hypercars","2018","McLaren","Senna","","","FH4","","FH4","","","","","","","","","","","","1","","Legendary","1,000,000","S2","977","8.4"
"Modern Super Cars","2018","McLaren","720S","","","FH4","","FH4","DLC","","","","","","","","","","","2","","Epic","340,000","S2","929",""
"Modern Super Cars","2018","McLaren","720S Preorder Car","DLC promo","Free w/DLC","FH4","?","DLC","","","","","","","","","","","","1","","Epic","340,000","S2","998",""
"Modern Super Cars","2015","McLaren","650S Coupe","","","FH4","","FH4","FM7","FH3","FM6","Apex","DLC","","","","","","","6","","Epic","420,000","S1","877",""
"Modern Super Cars","2015","McLaren","570S Coupe","","","FH4","","FH4","FM7","FH3","DLC","","","","","","","","","4","","Epic","224,000","S1","848",""
"Hypercars","2013","McLaren","P1","","","FH4","","FH4","FM7","FH3","FM6","Apex","FH2","FM5","","","","","","7","","Legendary","1,350,000","S2","962",""
"Retro Super Cars","1997","McLaren","F1 GT","","","FH4","","FH4","FM7","FH3","DLC","","DLC","","FH1","FM4","FM3","","","8","","Legendary","5,200,000","S1","888",""
"Retro Super Cars","1993","McLaren","F1","","","FH4","","FH4","FM7","FH3","FM6","","FH2","FM5","DLC","FM4","","","","8","","Legendary","2,000,000","S1","826",""
"Super GT","2017","Mercedes-AMG","GT R","","","FH4","","FH4","FM7","DLC","","","","","","","","","","3","","Epic","295,000","S1","858",""
"Super GT","2017","Mercedes-AMG","GT R Preorder Car","DLC promo","Free w/DLC","FH4","?","DLC","","","","","","","","","","","","1","","Epic","295,000","S1","900",""
"Super Saloons","2016","Mercedes-AMG","C 63 S Coupe","","","FH4","","FH4","FM7","FH3","DLC","","","","","","","","","4","","Rare","90,000","A","777",""
"Super GT","2015","Mercedes-AMG","GT S","","","FH4","","FH4","FM7","FH3","FM6","Apex","","","","","","","","5","","Rare","157,000","S1","820",""
"Trucks","2015","Mercedes-Benz","#24 Tankpool24 Racing Truck","","","FH4","","FH4","FM7","","DLC","","","","","","","","","3","","Epic","500,000","B","682",""
"Trucks","2014","Mercedes-Benz","Unimog U5023","","","FH4","","FH4","","","","","","","","","","","","1","","Epic","100,000","D","163",""
"Super Saloons","2013","Mercedes-Benz","E 63 AMG","Exclusive","Wheelspin","FH4","","FH4","FM7","FH3","FM6","","FH2","DLC","","","","","","6","","Epic","105,000","A","777",""
"Super Hot Hatch","2013","Mercedes-Benz","A 45 AMG","","","FH4","","FH4","FM7","FH3","FM6","","FH2","DLC","","","","","","6","","Rare","65,000","A","722",""
"Offroad","2013","Mercedes-Benz","G 65 AMG","","","FH4","","FH4","FM7","FH3","FM6","","FH2","FM5","DLC","","","","","7","","Legendary","261,000","A","712",""
"Super Saloons","2012","Mercedes-Benz","C 63 AMG Coupe Black Series","","","FH4","","FH4","FM7","FH3","FM6","","FH2","FM5","FH1","DLC","","","","8","","Rare","143,000","A","792",""
"Modern Sports Cars","2012","Mercedes-Benz","SLK 55 AMG","","","FH4","","FH4","FM7","FH3","FM6","","FH2","FM5","","DLC","","","","7","","Rare","78,000","A","766",""
"Super GT","2011","Mercedes-Benz","SLS AMG","","","FH4","","FH4","FM7","FH3","FM6","","FH2","FM5","DLC","FM4","DLC","","","9","","Rare","200,000","S1","822",""
"Super GT","2009","Mercedes-Benz","SL 65 AMG Black Series","","","FH4","","FH4","FM7","FH3","FM6","","FH2","DLC","FH1","FM4","FM3","","","9","","Legendary","210,000","S1","820",""
"Super GT","2009","Mercedes-Benz","SL 65 AMG Black Series Forza Edition","Exclusive","Car Mastery MB 300SL","FH4","","FE","","","","","","","","","","","","1","Drift Skills","FE","460,000","S1","820",""
"Retro Super Cars","1998","Mercedes-Benz","AMG CLK GTR","","","FH4","","FH4","FM7","FH3","FM6","","","DLC","DLC","FM4","FM3","FM2","","9","","Legendary","2,000,000","S1","848",""
"Retro Saloons","1990","Mercedes-Benz","190E 2.5-16 Evolution II","","","FH4","","FH4","FM7","FH3","FM6","","FH2","FM5","","FM4","DLC","","","8","","Epic","150,000","C","579","6.6"
"Classic Racers","1955","Mercedes-Benz","300 SLR","","","FH4","","FH4","FM7","","FM6","","","","","DLC","","","","4","","Legendary","8,000,000","A","708",""
"Rare Classics","1954","Mercedes-Benz","300 SL Coupe","","","FH4","","FH4","FM7","FH3","FM6","","FH2","FM5","FH1","FM4","FM3","FM2","FM1","11","","Legendary","1,200,000","D","476","6.0"
"Vintage Racers","1939","Mercedes-Benz","W154","","","FH4","","FH4","FM7","","DLC","","","","","","","","","3","","Legendary","10,000,000","B","676",""
"Rods and Customs","1949","Mercury","Coupe","","","FH4","","FH4","FM7","FH3","FM6","","DLC","","","","","","","5","","Common","45,000","D","158",""
"Cult Cars","1971","Meyers","Manx","","","FH4","","FH4","FM7","FH3","","","","","","","","","","3","","Rare","35,000","D","218",""
"Rally Monsters","1986","MG","Metro 6R4","","20181018 event","FH4","","FH4","","FH3","FM6","","","","","","","","","3","","Epic","125,000","S1","852",""
"Classic Sports Cars","1966","MG","MGB GT","Exclusive","Barn Find","FH4","","FH4","","","","","","","","DLC","","","","2","","Legendary","30,000","D","316",""
"Classic Sports Cars","1958","MG","MGA Twin-Cam","","","FH4","","FH4","Uni","","","","","","","DLC","","","","3","","Rare","40,000","D","222",""
"Extreme Offroad","2013","MINI","X-Raid ALL4 Racing Countryman","","","FH4","","FH4","FM7","FH3","","","DLC","","","","","","","4","","Legendary","500,000","B","682","4.4"
"Hot Hatch","2012","MINI","John Cooper Works GP","Exclusive","Wheelspin","FH4","","FH4","FM7","FH3","FM6","Apex","FH2","DLC","","","","","","7","","Common","38,000","B","642","6.2"
"Hot Hatch","2009","MINI","John Cooper Works","","","FH4","","FH4","FM7","HP","FM6","","","FM5","","FM4","FM3","","","7","","Rare","25,000","B","639","6.2"
"Classic Rally","1965","MINI","Cooper S","Exclusive","Barn Find","FH4","","FH4","FM7","FH3","FM6","","FH2","FM5","FH1","","","","","7","","Legendary","30,000","D","205",""
"Cult Cars","2014","Morgan","3 Wheeler","","","FH4","","FH4","","DLC","","","","","","","","","","2","","Rare","50,000","D","450",""
"Modern Sports Cars","2010","Morgan","Aero SuperSports","","","FH4","","FH4","","","","","","","","FM4","DLC","","","3","","Epic","160,000","A","766",""
"Cult Cars","1958","Morris","Minor 1000","","","FH4","","FH4","","","","","","","","","","","","1","","Common","20,000","D","100",""
"Super Saloons","2018","Nissan","Sentra NISMO","DLC Store","Free w/DLC","FH4","20181004","DLC","","","","","","","","","","","","1","","Common","24,000","C","588","5.8"
"Modern Super Cars","2017","Nissan","GT-R","","","FH4","","FH4","FM7","FH3","","","","","","","","","","3","","Epic","132,000","S1","836",""
"Modern Super Cars","2017","Nissan","GT-R Preorder Car","DLC promo","Free w/DLC","FH4","?","DLC","","","","","","","","","","","","1","","Epic","132,000","S1","900",""
"Offroad","2016","Nissan","Titan Warrior Concept","","","FH4","","FH4","FM7","DLC","","","","","","","","","","3","","Common","50,000","D","491",""
"Extreme Offroad","2016","Nissan","Titan Warrior Concept Forza Edition","DLC store","Free w/DLC","FH4","FH4 VIP","DLC","","","","","","","","","","","","1","Destruction","FE","300,000","C","583",""
"Modern Super Cars","2012","Nissan","GT-R Black Edition [R35]","","","FH4","","FH4","FM7","FH3","FM6","Apex","FH2","FM5","FH1","","","","","8","","Epic","105,000","S1","820",""
"Modern Sports Cars","2010","Nissan","370Z","","","FH4","","FH4","FM7","FH3","FM6","Apex","FH2","FM5","DLC","FM4","FM3","","","10","","Common","40,000","A","716",""
"Retro Sports Cars","2003","Nissan","Fairlady Z [350Z Z33]","","","FH4","","FH4","FM7","FH3","FM6","","","FM5","","FM4","FM3","FM2","FM1","9","","Common","35,000","B","671",""
"Retro Sports Cars","2002","Nissan","Skyline GT-R V-Spec II [R34]","Exclusive","Horizon Life","FH4","","FH4","FM7","FH3","FM6","","FH2","FM5","FH1","FM4","FM3","FM2","FM1","11","","Rare","63,000","B","691",""
"Retro Sports Cars","2000","Nissan","Silvia Spec-R [S15]","","","FH4","","FH4","FM7","FH3","FM6","","FH2","FM5","FH1","FM4","FM3","FM2","FM1","11","","Common","25,000","B","643",""
"Retro Super Cars","1998","Nissan","R390","","","FH4","","FH4","FM7","FH3","FM6","","","DLC","DLC","FM4","FM3","FM2","","9","","Legendary","730,000","S1","877",""
"Retro Sports Cars","1998","Nissan","Silvia K's Aero [S14 Kouki]","","","FH4","","FH4","FM7","DLC","","","","","","","","","FM1","4","","Common","25,000","C","593",""
"Retro Sports Cars","1997","Nissan","Skyline GT-R V-Spec [R33]","","","FH4","","FH4","FM7","FH3","FM6","","","FM5","","FM4","FM3","","","7","","Common","37,000","B","633",""
"Retro Sports Cars","1995","Nissan","NISMO GT-R LM","Exclusive","Wheelspin","FH4","","FH4","FM7","DLC","","","","","","","","","","3","","Legendary","1,100,000","B","685",""
"Extreme Track Toys","1995","Nissan","NISMO GT-R LM Forza Edition","Exclusive","Car Mastery R390","FH4","","FE","","","","","","","","","","","","1","Event Influence","FE","1,350,000","S1","886",""
"Retro Sports Cars","1994","Nissan","Silvia K's [S14 Zenki]","","","FH4","","FH4","FM7","cu","","","","","","FM4","FM3","FM2","","6","","Common","25,000","C","600",""
"Retro Sports Cars","1993","Nissan","Skyline GT-R V-Spec [R32]","","","FH4","","FH4","FM7","FH3","FM6","","FH2","FM5","","FM4","FM3","FM2","","9","","Epic","85,000","B","620",""
"Retro Sports Cars","1993","Nissan","240SX SE","","","FH4","","FH4","FM7","FH3","FM6","","FH2","FM5","DLC","FM4","","","","8","","Common","25,000","D","449",""
"Retro Sports Cars","1992","Nissan","Silvia CLUB K's [S13]","","","FH4","","FH4","FM7","FH3","FM6","","FH2","","","FM4","FM3","FM2","","8","","Common","25,000","C","525",""
"Retro Sports Cars","1987","Nissan","Skyline GTS-R (R31)","","","FH4","","FH4","FM7","DLC","","","","","","","","","","3","","Epic","100,000","C","538",""
"Classic Sports Cars","1973","Nissan","Skyline H/T 2000GT-R","","","FH4","","FH4","FM7","cu","DLC","","","","","","","","","4","","Legendary","170,000","D","494",""
"Classic Sports Cars","1971","Nissan","Skyline 2000GT-R","","","FH4","","FH4","FM7","FH3","FM6","","FH2","FM5","FH1","FM4","DLC","","","9","","Rare","60,000","D","455",""
"Classic Sports Cars","1969","Nissan","Fairlady Z 432","","","FH4","","FH4","FM7","FH3","FM6","","FH2","DLC","FH1","FM4","FM3","FM2","","10","","Legendary","150,000","D","439",""
"Hypercars","2010","Noble","M600","Exclusive","Horizon Life","FH4","","FH4","FM7","FH3","FM6","","DLC","","FH1","DLC","","","","7","","Epic","450,000","S1","900",""
"Classic Muscle","1969","Oldsmobile","Hurst/Olds 442","","","FH4","","FH4","FM7","FH3","FM6","","FH2","FM5","","FM4","","","","7","","Common","65,000","C","520",""
"Rally Monsters","1984","Opel","Manta 400","","","FH4","","FH4","FM7","FH3","Uni","","","","","","","","","4","","Epic","100,000","A","740",""
"Hypercars","2016","Pagani","Huayra BC","","","FH4","","FH4","FM7","DLC","","","","","","","","","","3","","Legendary","1,500,000","S2","961",""
"Hypercars","2012","Pagani","Huayra","","","FH4","","FH4","FM7","FH3","FM6","Apex","FH2","FM5","DLC","DLC","","","","9","","Legendary","1,300,000","S1","900",""
"Extreme Track Toys","2010","Pagani","Zonda R","","","FH4","","FH4","FM7","DLC","","","","","FH1","FM4","DLC","","","6","","Legendary","1,700,000","S2","966",""
"Extreme Track Toys","2010","Pagani","Zonda R Forza Edition","DLC store","Free w/DLC","FH4","FH4 VIP","DLC","","","","","","","","","","","","1","Clean Skills","FE","1,950,000","S2","986",""
"Hypercars","2009","Pagani","Zonda Cinque Roadster","","","FH4","","FH4","FM7","FH3","FM6","Apex","FH2","FM5","DLC","FM4","","","","9","","Legendary","2,100,000","S2","908",""
"Cult Cars","1962","Peel","P50","Exclusive","Barn Find","FH4","","FH4","","","","","","","","","","","","1","","Legendary","20,000","D","100",""
"Offroad Buggies","2011","Penhall","The Cholla","Exclusive","Horizon Life","FH4","","FH4","FM7","FH3","","","","","","","","","","3","","Epic","100,000","B","646",""
"Retro Rally","1984","Peugeot","205 T16","","","FH4","","FH4","FM7","FH3","FM6","","","DLC","FH1","DLC","","","","7","","Legendary","200,000","C","597","5.8"
"Rally Monsters","1984","Peugeot","205 T16 Forza Edition","Exclusive","Forzathon Shop","FH4","","FE","","","","","","","","","","","","1","Skills","FE","450,000","A","703",""
"Classic Muscle","1971","Plymouth","Cuda 426 Hemi","","","FH4","","FH4","FM7","FH3","FM6","","FH2","FM5","FH1","FM4","DLC","","","9","","Rare","160,000","C","560",""
"Offroad Buggies","2015","Polaris","RZR XP 1000 EPS","","","FH4","","FH4","FM7","FH3","","","","","","","","","","3","","Common","25,000","D","464",""
"Retro Muscle","1987","Pontiac","Firebird Trans Am GTA","","","FH4","","FH4","FM7","FH3","FM6","","FH2","DLC","","FM4","FM3","","","8","","Common","25,000","C","505","6.2"
"Classic Muscle","1977","Pontiac","Firebird Trans Am","","","FH4","","FH4","FM7","FH3","FM6","","FH2","FM5","FH1","FM4","","","","8","","Common","45,000","D","431",""
"Classic Muscle","1973","Pontiac","Firebird Trans Am SD-455","Exclusive","Wheelspin","FH4","","FH4","FM7","FH3","FM6","Apex","FH2","FM5","","FM4","FM3","DLC","","10","","Common","61,000","C","536",""
"Classic Muscle","1969","Pontiac","GTO Judge","","","FH4","","FH4","FM7","FH3","FM6","","FH2","FM5","FH1","FM4","","","","8","","Rare","90,000","C","514",""
"Track Toys","2019","Porsche","911 GT3 RS","Exclusive","Forzathon Shop","FH4","20181004","cu","cu","","","","","","","","","","","2","","Legendary","240,000","S2","915",""
"Track Toys","2018","Porsche","911 GT2 RS","","Loyalty Rewards","FH4","","FH4","FM7","","","","","","","","","","","2","","Legendary","315,000","S2","910",""
"Sports Utility Heroes","2018","Porsche","Cayenne Turbo","Exclusive","Ranked Online","FH4","","FH4","DLC","","","","","","","","","","","2","","Legendary","220,000","A","769","7.2"
"Super Saloons","2017","Porsche","Panamera Turbo [971]","","","FH4","","FH4","FM7","DLC","","","","","","","","","","3","","Rare","150,000","A","789",""
"Track Toys","2016","Porsche","911 GT3 RS [991.2]","","","FH4","","FH4","FM7","DLC","","","","","","","","","","3","","Epic","235,000","S2","904",""
"Track Toys","2016","Porsche","911 GT3 RS Preorder Car","DLC promo","Free w/DLC","FH4","FH4 Retailer Bonus","DLC","","","","","","","","","","","","1","","Legendary","235,000","S2","998",""
"Track Toys","2016","Porsche","Cayman GT4","","","FH4","","FH4","FM7","DLC","","","","","","","","","","3","","Rare","85,000","S1","840",""
"Modern Sports Cars","2015","Porsche","Cayman GTS [981C]","Exclusive","Horizon Life","FH4","","FH4","","cu","DLC","","DLC","","","","","","","4","","Rare","80,000","A","791",""
"Sports Utility Heroes","2015","Porsche","Macan Turbo","","","FH4","","FH4","FM7","cu","DLC","","DLC","","","","","","","5","","Epic","105,000","A","708","6.7"
"Hypercars","2014","Porsche","918 Spyder","","","FH4","","FH4","FM7","cu","DLC","","DLC","","","","","","","5","","Epic","850,000","S2","942",""
"Modern Super Cars","2014","Porsche","911 Turbo S [991]","","","FH4","","FH4","FM7","cu","DLC","","DLC","","","","","","","5","","Epic","150,000","S1","827",""
"Track Toys","2012","Porsche","911 GT2 RS [997]","","","FH4","","FH4","FM7","cu","DLC","","DLC","","","DLC","","","","6","","Legendary","240,000","S1","882",""
"Track Toys","2012","Porsche","911 GT3 RS 4.0 [997]","","","FH4","","FH4","FM7","cu","DLC","","DLC","","","","","","","5","","Legendary","200,000","S1","847",""
"Sports Utility Heroes","2012","Porsche","Cayenne Turbo","","","FH4","","FH4","FM7","cu","DLC","","DLC","","","DLC","","","","6","","Epic","110,000","A","740","7.1"
"Retro Super Cars","2004","Porsche","911 GT3 [996]","","","FH4","","FH4","FM7","cu","DLC","","","","","DLC","FM3","FM2","2003","8","","Rare","65,000","S1","803",""
"Retro Super Cars","2003","Porsche","Carrera GT","","","FH4","","FH4","FM7","cu","DLC","","DLC","","","DLC","FM3","FM2","FM1","9","","Epic","400,000","S1","866",""
"Retro Super Cars","1998","Porsche","911 GT1 Strassenversion","","","FH4","","FH4","FM7","","","","","","","","FM3","DLC","","4","","Legendary","2,500,000","S1","850",""
"Retro Super Cars","1995","Porsche","911 GT2 [993]","","","FH4","","FH4","FM7","DLC","","","","","","DLC","FM3","FM2","FM1","7","","Epic","550,000","A","774",""
"Retro Sports Cars","1989","Porsche","944 Turbo","","","FH4","","FH4","FM7","cu","DLC","","DLC","","","DLC","FM3","FM2","FM1","9","","Common","35,000","B","659",""
"Retro Super Cars","1987","Porsche","959","","","FH4","","FH4","FM7","cu","DLC","","DLC","","","DLC","FM3","FM2","1986","9","","Legendary","400,000","A","784",""
"Raly Monsters","1985","Porsche","#185 959 Prodrive Rally Raid","DLC Store","Free w/DLC","FH4","20181011","DLC","","","","","","","","","","","","1","","Common","205,000","A","779","6.8"
"Retro Super Cars","1982","Porsche","911 Turbo 3.3 (930)","","","FH4","","FH4","FM7","cu","DLC","","DLC","","","DLC","FM3","FM2","1987","9","","Legendary","150,000","B","688",""
"Rare Classics","1973","Porsche","911 Carrera RS","","","FH4","","FH4","FM7","DLC","","","","","","DLC","FM3","FM2","FM1","7","","Epic","200,000","B","631",""
"Classic Racers","1971","Porsche","#23 917/20","","","FH4","","FH4","cu","","","","","","","","","","","2","","Legendary","10,000,000","S1","861",""
"Classic Racers","1960","Porsche","718 RS 60","","","FH4","","FH4","FM7","DLC","DLC","","","","","","","","","4","","Legendary","1,000,000","A","716",""
"Rare Classics","1959","Porsche","356 A 1600 Super","DLC Store","Free w/DLC","FH4","20181011","DLC","","","","","","","","","","","","1","","Common","240,000","D","180","4.9"
"Rare Classics","1957","Porsche","356A Speedster","","","FH4","","FH4","FM7","cu","DLC","","","","","","","","","4","","Epic","300,000","D","185",""
"Classic Racers","1955","Porsche","550A Spyder","","","FH4","","FH4","FM7","DLC","DLC","","","","","DLC","DLC","","FM1","7","","Epic","600,000","D","387",""
"Extreme Track Toys","2015","Radical","RXC Turbo","","","FH4","","FH4","FM7","DLC","","","","","","","","","","3","","Epic","330,000","S2","958",""
"Offroad","2017","Ram","2500 Power Wagon","Exclusive","Horizon Life","FH4","","FH4","DLC","","","","","","","","","","","2","","Common","47,000","C","518","6.1"
"Cult Cars","1972","Reliant","Supervan III","","","FH4","","FH4","","FH3","","","","","","","","","","2","","Common","35,000","D","100",""
"Hot Hatch","2013","Renault","Clio RS 200","","","FH4","","FH4","FM7","FH3","FM6","","DLC","","","","","","","5","","Common","29,000","B","606","5.9"
"Super Hot Hatch","2010","Renault","Megane RS 250","","","FH4","","FH4","FM7","FH3","FM6","","FH2","FM5","","FM4","DLC","","","8","","Common","30,000","B","666",""
"Hot Hatch","2010","Renault","Clio RS","","","FH4","","FH4","FM7","","FM6","","","","","DLC","","","","4","","Common","25,000","C","598","5.9"
"Track Toys","2010","Renault","Clio RS Forza Edition","Exclusive","Wheelspin","FH4","","FE","","","","","","","","","","","","1","Clean Skills","FE","25,000","A","701",""
"Retro Hot Hatch","1993","Renault","Clio Williams","Exclusive","Horizon Life","FH4","","FH4","FM7","FH3","FM6","","DLC","","","","","","","5","","Common","30,000","C","502",""
"Retro Rally","1980","Renault","5 Turbo","","","FH4","","FH4","FM7","FH3","FM6","","FH2","DLC","","FM4","FM3","DLC","","9","","Rare","120,000","C","512","5.5"
"Rally Monsters","1980","Renault","5 Turbo Forza Edition","Exclusive","Wheelspin","FH4","","FE","","","","","","","","","","","","1","Sills","FE","316,000","B","675",""
"Classic Rally","1973","Renault","Alpine A110 1600s","Exclusive","Horizon Life","FH4","","FH4","FM7","FH3","FM6","","FH2","","","","","","","5","","Epic","98,000","C","522",""
"Extreme Offroad","2016","RJ Anderson","#37 Polaris RZR-Rockstar Energy Pro 2 Truck","","","FH4","","FH4","FM7","DLC","","","","","","","","","","3","","Epic","500,000","S1","815","6.6"
"Retro Super Cars","2004","Saleen","S7","","","FH4","","FH4","FM7","FH3","FM6","","","FM5","FH1","FM4","FM3","FM2","FM1","10","","Legendary","388,000","S1","879",""
"Classic Racers","1965","Shelby","Cobra Daytona Coupe","","","FH4","","FH4","FM7","FH3","FM6","","FH2","FM5","FH1","FM4","DLC","","","9","","Legendary","8,000,000","B","645",""
"Rare Classics","1965","Shelby","Cobra 427 S/C","","","FH4","","FH4","FM7","FH3","FM6","","FH2","DLC","DLC","FM4","FM3","FM2","FM1","11","","Legendary","2,100,000","B","700",""
"Modern Super Cars","2016","Spania GTA","GTA Spano","","","FH4","","FH4","FM7","DLC","","","","","","","","","","3","","Epic","800,000","S2","931",""
"Rally Monsters","2016","Subaru","#199 WRX STI VT15R Rally Car","","","FH4","","FH4","FM7","DLC","","","","","","","","","","3","","Legendary","300,000","A","762",""
"Modern Rally","2015","Subaru","WRX STI","","","FH4","","FH4","FM7","FH3","FM6","Apex","DLC","","","","","","","6","","Rare","42,000","B","693","6.7"
"Modern Sports Cars","2013","Subaru","BRZ","","","FH4","","FH4","FM7","FH3","FM6","","FH2","FM5","DLC","","","","","7","","Common","32,000","C","562",""
"Modern Rally","2011","Subaru","WRX STI ","","","FH4","","FH4","FM7","FH3","FM6","","FH2","FM5","FH1","DLC","","","","8","","Common","33,000","B","682","6.7"
"Modern Rally","2008","Subaru","Impreza WRX STI","","","FH4","","FH4","FM7","FH3","FM6","","FH2","DLC","","FM4","FM3","","","8","","Common","31,000","B","681","6.4"
"Modern Rally","2005","Subaru","Impreza WRX STi","","","FH4","","FH4","FM7","FH3","FM6","","FH2","FM5","DLC","FM4","FM3","FM2","","10","","Rare","51,000","B","694","6.7"
"Modern Rally","2004","Subaru","Impreza WRX STi","Exclusive","Wheelspin","FH4","","FH4","FM7","FH3","FM6","","","FM5","","FM4","FM3","FM2","FM1","9","","Common","28,000","B","670",""
"Retro Rally","1998","Subaru","Impreza 22B STi","Exclusive","Barn Find","FH4","","FH4","FM7","FH3","FM6","","FH2","FM5","FH1","FM4","FM3","FM2","FM1","11","","Legendary","110,000","B","650","6.4"
"Retro Rally","1990","Subaru","Legacy RS","","","FH4","","FH4","FM7","FH3","FM6","","DLC","","","DLC","","","","6","","Common","25,000","C","503","6.1"
"Classic Sports Cars","1967","Sunbeam","Tiger","DLC free","Free w/DLC","FH4","FH4 free download","DLC","","cu","DLC","","","","","","","","","3","","Rare","65,000","D","500",""
"Classic Rally","1979","Talbot","Sunbeam Lotus","DLC free","Free w/DLC","FH4","FH4 free download","DLC","","DLC","","","","","","","","","","2","","Common","25,000","D","469",""
"Modern Sports Cars","2017","TAMO","Racemo","","","FH4","","FH4","FM7","cu","","","","","","","","","","3","","Legendary","600,000","C","577","5.9"
"Offroad","2014","Terradyne","Gurkha LAPV","","","FH4","","FH4","","cu","DLC","","DLC","","","","","","","4","","Legendary","450,000","D","223",""
"Extreme Offroad","2016","Toyota","Land Cruiser Arctic Trucks AT37","","","FH4","","FH4","DLC","","","","","","","","","","","2","","Rare","83,000","D","444","5.0"
"Extreme Offroad","2007","Toyota","Hilux Arctic Trucks AT38","","","FH4","","FH4","FM7","DLC","","","","","","","","","","3","","Common","55,000","C","516","5.0"
"Extreme Offroad","1993","Toyota","#1 T100 Baja Truck","","","FH4","","FH4","FM7","","","","","","","","","","","2","","Legendary","500,000","A","732","5.6"
"Classic Sports Cars","1962","Triumph","Spitfire","Exclusive","Barn Find","FH4","","FH4","","","","","","","","","","","","1","","Legendary","20,000","D","203",""
"Classic Sports Cars","1962","Triumph","TR3B","DLC Store","Free w/DLC","FH4","20180927","DLC","","","","","","","","DLC","","","","2","","Common","25,000","D","243","5.0"
"Retro Sports Cars","2005","TVR","Sagaris","","","FH4","","FH4","FM7","FH3","FM6","","FH2","FM5","FH1","FM4","FM3","FM2","","10","","Rare","86,000","A","797",""
"Retro Sports Cars","2005","TVR","Sagaris Forza Edition","Exclusive","Car Mastery Sagaris","FH4","","FE","","","","","","","","","","","","1","Speed Skills","FE","336,000","S2","902","7.9"
"Extreme Track Toys","1998","TVR","Cerbera Speed 12","Exclusive","Barn Find","FH4","","FH4","","","","","","","","FM4","FM3","FM2","FM1","5","","Legendary","500,000","S1","874",""
"Extreme Track Toys","2015","Ultima","Evolution Coupe 1020","Exclusive","Horizon Life","FH4","","FH4","FM7","DLC","","","","","","","","","","3","","Rare","130,000","S2","998",""
"Hot Hatch","2016","Vauxhall","Corsa VXR","","","FH4","","FH4","FM7","DLC","","","","","","","","","","3","","Common","28,000","B","610","5.9"
"Super Hot Hatch","2012","Vauxhall","Astra VXR","","","FH4","","FH4","FM7","FH3","FM6","","FH2","FM5","","","","","","6","","Common","25,000","B","684",""
"Super Saloons","2010","Vauxhall","Insignia VXR","DLC Store","Free w/DLC","FH4","20181116","DLC","","","","","","","","FM4","DLC","","","3","","","","B","676","7.1"
"Modern Muscle","2005","Vauxhall","Monaro VXR","","","FH4","","FH4","","","","","","","","FM4","FM3","FM2","","4","","Common","25,000","A","716",""
"Modern Sports Cars","2004","Vauxhall","VX220 Turbo","DLC Store","Free w/DLC","FH4","20181116","DLC","","","","","","","","FM4","FM3","FM2","FM1","5","","","","B","442",""
"Retro Saloons","1990","Vauxhall","Lotus Carlton","","","FH4","","FH4","FM7","FH3","FM6","","DLC","","","Lotus","Lotus","Lotus","","8","","Common","70,000","B","665","7.2"
"Rally Monsters","2017","Volkswagen","#34 Volkswagen Andretti Rallycross Beetle","","","FH4","","FH4","","","","","","","","","","","","1","","Legendary","500,000","S1","869","5.7"
"Rally Monsters","2014","Volkswagen","Global Rallycross Beetle","Exclusive","Wheelspin","FH4","","FH4","FM7","","","","DLC","","","","","","","3","","Legendary","500,000","S1","846",""
"Super Hot Hatch","2014","Volkswagen","Golf R [Mk7]","","","FH4","","FH4","FM7","","FM6","Apex","","","","","","","","4","","Rare","50,000","B","672",""
"Hot Hatch","2011","Volkswagen","Scirocco R","","","FH4","","FH4","FM7","","FM6","","FH2","FM5","FH1","DLC","","","","7","","Rare","45,000","B","678","6.5"
"Super Hot Hatch","2010","Volkswagen","Golf R [Mk6]","Exclusive","Wheelspin","FH4","","FH4","FM7","","FM6","","FH2","FM5","DLC","FM4","DLC","","","8","","Rare","64,000","B","661",""
"Sports Utility Heroes","2008","Volkswagen","Touareg R50","","","FH4","","FH4","FM7","","","","","","","FM4","FM3","","","4","","Common","48,000","B","631","6.4"
"Hot Hatch","2003","Volkswagen","Golf R32 [Mk4]","","","FH4","","FH4","FM7","","FM6","","FH2","FM5","","FM4","FM3","FM2","FM1","9","","Common","20,000","B","630","6.4"
"Retro Hot Hatch","1998","Volkswagen","Gti VR6 Mk3","","","FH4","","FH4","FM7","","FM6","","","","","FM4","","","","4","","Common","25,000","C","512",""
"Retro Hot Hatch","1995","Volkswagen","Corrado VR6","","","FH4","","FH4","FM7","","FM6","","FH2","FM5","FH1","FM4","FM3","FM2","FM1","10","","Common","20,000","C","535",""
"Retro Hot Hatch","1992","Volkswagen","Golf Gti 16v Mk2","","","FH4","","FH4","FM7","","FM6","","FH2","FM5","FH1","FM4","FM3","FM2","","9","","Common","20,000","D","454",""
"Retro Hot Hatch","1983","Volkswagen","Golf GTI","","","FH4","","FH4","","","","","","","","","","","","1","","Common","20,000","D","408",""
"Retro Hot Hatch","1981","Volkswagen","Scirocco S","","","FH4","","FH4","FM7","","FM6","","FH2","DLC","","DLC","","","","6","","Common","20,000","D","264",""
"Offroad Buggies","1970","Volkswagen","#1107 Desert Dingo Racing Stock Bug","","","FH4","","FH4","FM7","","","","DLC","","","","","","","3","","Common","25,000","D","438",""
"Offroad Buggies","1969","Volkswagen","Class 5/1600 Baja Bug","","","FH4","","FH4","","","","","","","","","","","","1","","Rare","60,000","D","407",""
"Cult Cars","1963","Volkswagen","Beetle","","","FH4","","FH4","FM7","","FM6","","FH2","FM5","","DLC","","","","6","","Common","20,000","D","100","4.1"
"Cult Cars","1963","Volkswagen","Type 2 De Luxe","","","FH4","","FH4","FM7","","FM6","","FH2","","","","","","","4","","Rare","40,000","D","100",""
"Cult Cars","1963","Volkswagen","Type 2 De Luxe Forza Edition","Exclusive","Wheelspin","FH4","","FE","","","","","","","","","","","","1","Speed Skills","FE","290,000","D","100",""
"Trucks","2016","Volvo","Iron Knight","","","FH4","","FH4","","","","","","","","","","","","1","","Epic","800,000","A","797",""
"Super Saloons","2015","Volvo","V60 Polestar","","","FH4","","FH4","FM7","DLC","","","","","","","","","","3","","Common","62,000","B","652",""
"Retro Saloons","1997","Volvo","850 R","","","FH4","","FH4","FM7","FH3","FM6","","","","","DLC","","","","5","","Common","25,000","C","544","6.5"
"Classic Rally","1983","Volvo","242 Turbo Evolution","","","FH4","","FH4","FM7","DLC","","","","","","FM4","DLC","","","5","","Rare","45,000","C","512",""
"Hypercars","2016","W Motors","Lykan HyperSport","","","FH4","","FH4","FM7","FH3","DLC","","","","","","","","","4","","Legendary","3,400,000","S2","907","8.7"
"Offroad","1945","Willys","Jeep MB","","","FH4","","FH4","FM7","FH3","FM6","","FH2","","","","","","","5","","Common","40,000","D","100",""
"Hypercars","2016","Zenvo","ST1","Exclusive","Story","FH4","","FH4","FM7","DLC","","","","","","","","","","3","","Legendary","1,000,000","S1","900","8.8"